:040000006F109037B6
:100004000000000000000000900000209E0400207A
:10001400A9BDF9F518090020000000000000000047
:1000240018090020900000200000000000000000DB
:10003400900000200000000090000020000000005C
:1000440090000020900000209000002090000020EC
:10005400900000208C0D00205405002000000000BA
:100064009000002090000020AC00002076010020C9
:1000740058020020900000209000002090000020F2
:1000840090000020900000209000002090000020AC
:1000940001A0411106C6972000E0E780800C97304C
:1000A40000E0E78060C9EF10E000F5B737370040A3
:1000B400834747009946BD8B638FD702011122CE37
:1000C40026CC4ACA31476390E70237340040A14442
:1000D400174900001309C9B08347A40093F7F70F29
:1000E400B9CB8147B5A011476397E7048147B73679
:1000F4000040A14521A8834757007300203003C660
:10010400860038003E972300C700850703C7A60072
:1001140013F6F70F1377F70F11CFE392B7FE2146CB
:100124002C00174500001305A5AB978000E0E7807D
:10013400A0D511A075F67244E244524905617300DA
:1001440020308346840038003E972300D70085077B
:100154000347A40013F6F70F1377F70F19CBE392B5
:1001640097FE21462C004A85978000E0E780C0D1A5
:10017400A5B73DD2C5BF37370040834747409946AE
:10018400BD8B638FD702011122CE26CC4ACA3147D8
:100194006390E70237340040A14417490000130973
:1001A40029A58347A44093F7F70FB9CB8147B5A09E
:1001B40011476397E7048147B7360040A14521A85A
:1001C400834757407300203003C6864038003E976B
:1001D4002300C700850703C7A64013F6F70F13775C
:1001E400F70F11CFE392B7FE21462C00174500000C
:1001F400130505A0978000E0E78000C911A075F6FB
:100204007244E244524905617300203083468440BD
:1002140038003E972300D70085070347A44013F610
:10022400F70F1377F70F19CBE39297FE21462C00B3
:100234004A85978000E0E78020C5A5B73DD2C5BFB9
:100244004111B7170040985F3AC6945F3247E39C68
:10025400E6FE324541018280B717004013070003D0
:100264002388E702854723AEF188730020304111CB
:10027400B7170040985F3AC6945F3247E39CE6FEA6
:10028400324541018280B7F707000111944B1307EF
:100294008008F337078093F787083EC20F100000E9
:1002A400B71700401308700523800705930580FAEB
:1002B4002380B7040F10000003C6B7041376F60DAD
:1002C400A385C704238007041246732606800F10F3
:1002D40000001376050255CEF336078093F68608A0
:1002E40036C40F100000238007052380B7040F10C5
:1002F4000000B70614007D89558D88C701000100F0
:100304000100010023800704A246F3A606800F1013
:10031400000073370780137787083AC60F10000070
:10032400238007052380B7040F1000000F1000007E
:100334003727004093061005A303D78023800704C2
:10034400B247F3A707800F10000093078008F3B7A4
:10035400078093F787083ECE0F100000B7170040C0
:10036400130770052380E704130780FA2380E7044A
:100374000F10000003C7B70413670708A385E70439
:1003840023800704F247F3A707800F1000000561DC
:1003940082801376050459C2733607801376860863
:1003A40032C80F100000238007052380B7040F1004
:1003B400000037061400130606047D89518D88C792
:1003C4000100010001000100238007044246732656
:1003D40006800F10000073370780137787083ACA26
:1003E4000F100000238007052380B7040F100000BE
:1003F400A54793F6F60F639EF600B7270040130750
:100404003005A383E780B717004023800704D24751
:100414000DBFB727004013072005E5B773370780E2
:10042400137787083ACC0F10000023800705238038
:10043400B7040F10000098471367070C98C7238070
:100444000704E247FDBD011181460146814511457E
:1004540006CEC12B93078008F3B7078093F787086C
:100464003EC60F100000B717004013077005238025
:10047400E704130780FA2380E7040F10000003C782
:100484006704136717002383E70423800704B24734
:10049400F3A707800F100000F2400561828041112C
:1004A4008146014681451145AD2B13078008F3377A
:1004B400078093F787083EC40F100000B717004069
:1004C400130670052380C704930680FA2380D7049B
:1004D4000F100000FD552396B70223800704A245A0
:1004E400F3A505800F100000733707801377870882
:1004F4003AC60F1000002380C7042380D7040F10CE
:10050400000003C76704136717002383E7042380ED
:100514000704B247F3A707800F10000001A0BD47EE
:100524003305F50201007D1575FD8280411122C459
:1005340026C206C6AA84014463179400B24022442A
:1005440092444101828005041305803E4204C13F68
:100554004180DDB70111A307010022CE26CC4ACA8F
:100564004EC8378400408347640093F7F70FA3070E
:10057400F1008347F100898B638007368347740059
:100584001307000393F707036389E70883447400A0
:1005940083477400BD8893F7070363880720130714
:1005A40000026397E70617490000130929136395AE
:1005B40004149747000083C7A72A9D83FDCF834770
:1005C400240293C707042301F4028347240293F708
:1005D400C70F93E727002301F40283274901174635
:1005E40000000346E60F637EF60A918F174700006A
:1005F4002320F710832789013E969747000023ABF9
:10060400C70E930500080145978000E0E7808063EA
:10061400B787004009472383E700378400408347B6
:100624007400E207E18763D70706930720FC2301E0
:10063400F402974400009384640A83A5840C214641
:10064400174500001305C52197D000E0E780000698
:100654008387441863CA07002300040283472402E3
:1006640093F7C70F2301F402378400408347240221
:10067400974500009385C51E014593F7370F93E70F
:1006840087002301F402978000E0E780E02E894789
:100694002303F4007244E2445249C24905617300E1
:1006A4002030032689013E969747000023A4C704FF
:1006B4009747000023AE0702A9B717470000034776
:1006C400371A9547631BF700834734000347090033
:1006D40093F70708D98FA301F4008347240293F703
:1006E400C70F93E727002301F4028347240293F7FB
:1006F400370F2301F40229BF91476398F40083471D
:10070400240393C707042309F402154433D4840251
:10071400930700033304F402939724003E94B787AD
:100724000040938727023E948347040093F7C70F42
:1007340093E727002300F400E147B387F402CA9744
:10074400D84B03C64700944F6379E6048C4B118F52
:10075400B296B2958CCBD8CB94CF88476376E60219
:1007640097D000E0E78080F4E147B384F402854742
:10077400CA9403C75400630BF7008347040093F73C
:10078400C70F2300F40069B53A86D9BF8347040034
:1007940093F7C70F93E71700EDB73306D70090CF51
:1007A40023AA070093E50408B9BD154933D92403E6
:1007B400939724003309E9023E99930724023E9952
:1007C4008347090093F7370F93E787002300F90065
:1007D400B9EC8347240217490000130929F093C791
:1007E40007082301F402834484008325890C03252C
:1007F400090D93F4F40F268697D000E0E78000EB10
:100804000326890D8145014526969747000023A3B9
:10081400C7FA8327490D858F17470000232AF7F865
:10082400978000E0E780A044E39404DE7DBD834725
:10083400740093F70704E38D07DC91476398F40091
:100844008347240393C707082309F402B7870040AA
:10085400614483C98700B3878402174400001304EA
:10086400E4E793F9F90F4E863E948325840C03251F
:10087400040D97D000E0E78060E38327040D03268E
:10088400840D0347440CCE972328F40C8327440D8E
:100894004E96232CC40CB3873741232AF40C63E30C
:1008A400E90081EBA6850145978000E0E780203CC4
:1008B40085B30347540C85476309F7008347090050
:1008C40093F7370F2300F900A1B38347090093F787
:1008D400370F93E74700FDB78347F100858B85C346
:1008E400A30104000145978000E0E78020028347CC
:1008F400240293F7370F2301F402854751BB834742
:10090400F100918B89C783475400914751B38347C2
:10091400F10093F7F70FADBB9305000273A0458078
:1009240082457390153492402242B2424243D243EC
:100934006244F244025592552256B2564257D25757
:100944006258F25806499649264AB64A464BD64B4F
:10095400664CF64C065D965D265EB65E465FD65FD7
:100964000961730020302303048015472303E480C6
:1009740001002302A480828083076480E3CE07FE03
:1009840023030480828083076480E3CE07FE03454B
:100994004480828083076480E3CE07FE2302A48020
:1009A4008280411126C44AC24EC006C61377F50B95
:1009B400AD47AA892E8995446306F7001945653722
:1009C400653F8D444E854537FD59FD1463983401C8
:1009D400B240A2441249824941018280135509015F
:1009E4001375F50F453F2209CDB7011126CC06CE6C
:1009F400B704080051371545BD37713769372AC622
:100A0400A53F32459377150089EB136515001375DF
:100A1400F50FF240E24405618280FD14E9FC0145D2
:100A2400CDBF397126DC4ADA4ED852D656D45AD2C2
:100A34005ED006DE62CE66CCB7E700E07D5783AABF
:100A4400070022C603AA470023A0E71823A2E71839
:100A5400B7170040130770052380E704130780FAD3
:100A64002380E70483C74704930B75FFB684E2072A
:100A740093FBFB0F8546AA892E8B328937240040CD
:100A8400E187015763FA76016308D50089461307A5
:100A940000026313D5000157D98F93F7F70FB71CE2
:100AA40000402382FC0411472303E4801305F00F64
:100AB4005D3D094CD135636D7C11B7050700DA95AE
:100AC40037870700795563F2E504B3879500636EB1
:100AD400F702370B0800A94733EB65016399F90660
:100AE40089E48144513D26850DA0DA850945553DAB
:100AF40005090345F9FFFD14050B693D81C493778E
:100B0400FB0FFDF7DD3569FD7D55B7170040130771
:100B140070052380E704130780FA2380E70403C7E2
:100B24004704418B2382E704F250B7E700E023A097
:100B3400571123A24711E25432445259C259325A2E
:100B4400A25A125B825B724CE24C21618280A547FF
:100B54006395F90685691309F00FB3069900B37418
:100B64002B01B6941349F9FFB3749900856B33795B
:100B74006901416B9387F9FFB3F7270199E363FC9C
:100B8400340193D94900C147E3E637FF99BF0569AA
:100B9400C1697D19D9B71305800D638869011305EF
:100BA40000026384790113051008CA85DD3B353DD5
:100BB40021DD4E99B3843441D9B7DA852D45D53337
:100BC400CA94E30099F205097D3BA30FA9FED5BFA2
:100BD4009387F9FF93F7F70F6361FC0C83C71C0439
:100BE40013073008631FF70437070800636BEB042F
:100BF400B3079B00B706100063F5D704334BEB0033
:100C040089476393F9068980D549E38C04ECDA8536
:100C14000945413B11090327C9FF91472320E4807B
:100C240003076480E34E07FE23033481FD17EDFBC5
:100C3400FD14110B81C49377FB0FE9FF7D3371F52C
:100C4400E1B5B717004003C75704B7070800137787
:100C5400070219E3B78707007955E378FBEA3307FE
:100C64009B00E3FFE7F855B58547E382F9F2DA859F
:100C74002D45053B9389F4FFE38504E6293393F777
:100C8400390091EB83260480032709009307490068
:100C9400E39AE6E43E89CE84F1BFB5476396F90052
:100CA4001305900BC93135BDB1471305B00AE38B69
:100CB400F9FE99476391F904B7050800B365BB00D1
:100CC4002D45C53181448D4BA14975396396740115
:100CD400832704802320F9008504E39834FF8327C5
:100CE400048013172B01635507002312F900D5BBA9
:100CF4002322F900FDB39D476399F9028145130549
:100D0400B0044531BD442320090023220900FD59C4
:100D14009D3993F77400CA9703C70700FD14398DF2
:100D24002380A700E39634FF6DBBA1476392F904C7
:100D34006D398144630D0B008D479304C003630830
:100D4400FB009304000563048B01930440041375B2
:100D5400C507E30895D81945393139390545213195
:100D640026850D3909453D314931E31C05D669BB5A
:100D740091476399F90013056006F536F53E1305AE
:100D840090090DB7E38F09D4F154A9BB197106C2B8
:100D940012C416C61AC81ECA22CC26CE2AD02ED2F7
:100DA40032D436D63AD83EDA42DC46DECAC0CEC2A7
:100DB400D2C4D6C6DAC8DECAE2CCE6CEEAD0EED2D7
:100DC400F2D4F6D6FAD8FEDA938541898841E70051
:100DD400050092402242B2424243D2436244F2446A
:100DE400025592552256B2564257D2576258F2587B
:100DF40006499649264AB64A464BD64B664CF64CAB
:100E0400065D965D265EB65E465FD65F0961730039
:100E14002030B7E700E09843B706200023A0D71896
:100E2400758F0F10000001C599C1814711E6B7E71E
:100E340000E023A0E7108280B386F50003C8060013
:100E4400B306F500850723800601E317F6FEC5B750
:100E540037E700E01C43B70620002320D718F58F9E
:100E64000F10000001C53307C50011E637E700E0A5
:100E74002320F71082800505A30FB5FEE31DE5FED0
:100E8400F5B737E700E01C43B70620002320D71846
:100E9400F58F0F10000001C599C1014711EA37E72A
:100EA40000E02320F710054582800507E309E6FEEC
:100EB4003308E500B386E5000348080083C606004E
:100EC400E305D8FE37E700E02320F71001458280D0
:100ED40037E700E01C43B70620002320D718F58F1E
:100EE4000F10000001C53307C50019E637E700E01D
:100EF4002320F7100145828005058346F5FFE3971B
:100F0400B6FEE31BE5FE37E700E02320F7100545B6
:100F140082807971974700009387879A22D480430F
:100F240006D626D24AD04ECE52CC56CA5AC85EC62F
:100F340069C037C9C901014B974900009389C99712
:100F44001309F937174A0000130ACA97974A000091
:100F5400938ACA91974400009384849B8357240006
:100F640095E35C44631D0B0017470000232AF794A4
:100F7400832BC4002285EF00502F5E84A9A823266A
:100F8400FB00FDB783A7090082971C443307F54093
:100F94006375F500D8401D8F2A976361E908974768
:100FA400000023AD078C835524000345040097807B
:100FB40000E0E780004E5C405844B9C70C44D04080
:100FC400AE97BE8663E4B70063E4C700B386C74048
:100FD40014C4228B3A8459F09747000093870789F9
:100FE4009C4B09476373F708F91717470000232739
:100FF400F788B250225492540259F249624AD24AB2
:10100400424BB24B4561828063170B009747000047
:1010140023A8E78AB1BF2326EB0099BF03274A021E
:101024001DCF63E1A7043385A7408347040085E30C
:10103400174700000347778A5917B307A7003E856F
:10104400D44063E4E70063E4D7003385D74083A743
:101054000A016376F5009747000023A1A782228B3B
:10106400404495BFD840BA977DBF9747000023A757
:10107400078041B797470000938707899C4385C33E
:10108400411106C682979747000083C7C78289E744
:101094009747000023AA0786B24041018280974700
:1010A400000083C7478191E79747000023AE078478
:1010B40082808280411122C4173400001304C47D4D
:1010C4001C4006C626C24AC091C7829797370000C3
:1010D40023A4077C9747000083C79785858B17490E
:1010E40000001309A98489CF834779001947631243
:1010F400F71097470000A38D0782F9295C44829773
:101104001C4491C38297973400009384247B9840B5
:1011140017360000034696759737000083C7077596
:1011240093961700BA9683D60600E5C29737000057
:1011340083C7C77363E5C70E973700002388077218
:101144001C40639E0714973700009387E7769C43FF
:1011540063870714973700009387877BDC4317372F
:101164000000232DF77075339737000083C7B77CD1
:10117400639707129737000083C7D77B91CF8347C4
:10118400790093F7F70F89EB97370000A384077A68
:10119400979000E0E78040E29737000093878772DA
:1011A400DC53638E070E973700009387276C9C4BA4
:1011B400FDC78347790015476363F70E973700002F
:1011C40083C7477C918BE1EF9737000083C7A76EF5
:1011D400F9E790409736000083C6566963C7D70C79
:1011E4002244B240924402494101178300E067005F
:1011F4008351834779001D47E314F7F097370000C4
:10120400A3880772D12E1C48DDBD850793F7F70F1D
:1012140097360000238CF664E3E0C7F001BF86072D
:101224003E97835507002310070097370000239348
:101234000768973700009387E7659C4317350000DC
:101244000345C56213172500BA979C4382979737C5
:10125400000083D72766173700000347276193C729
:10126400F7FF7D8D9317170098403E97835707002B
:101274005D8D2310A7009737000083C7275F91C7B0
:101284008507173700002303F75E1737000003476D
:10129400E75D9737000083C7775DE37FF7E8B240E7
:1012A40022449244024941018280139717003297E5
:1012B400035707006DF7850715B737C70040832626
:1012C400C720B707FCFFFD17F58F2326F720010081
:1012D40001009737000093876759C84F83278726F3
:1012E4002326D7206A0593C7F7FF99835D8D8280F3
:1012F400EFF05FD873000000000000009732000098
:101304009382625B0383020023800200630F030065
:10131400F32510342EC0970500009385A5FD739026
:101324001534EF00204E7300203086DCEF00804D32
:10133400E65082800000173700001307E75E14436D
:10134400411122C49C5E4AC006C6998326C2858B7D
:101354003A841749000013092980D1CB930700066A
:101364009CDE173700000347C75C930700089734D7
:1013740000009384A45B631BF700832709009C434C
:1013840093F70704173700002305F75A83C70400AF
:1013940093F707049DC3973700009387E7519C4355
:1013A40082979737000023A1A75A83C7040093F7B5
:1013B400F70B17370000230BF75683C7440093F746
:1013C400070495E7854717370000A303F7569737B7
:1013D4000000938727589C433707020098C71307D8
:1013E40000FC973600002385E6549848F8D318404B
:1013F4001C5F9183858B8DC31C5F93E707011CDF02
:1014040097370000938707559C4323A20706854717
:1014140017370000230EF75083270900D8430583AC
:10142400058B19C7D843759BD8C3D843799BD8C3B8
:10143400B24022449244024941018280ED3D73004E
:1014440020309317D50063D30702973700009387A2
:1014540067509C437D57B8D797370000938707415F
:10146400DC4F8507173700002320F7429377850068
:101474009DCB9737000083C7874B93E71700173737
:1014840000002306F74A930700F8173700002301EA
:10149400F74A973700009387274998435C57F19B95
:1014A40093E717005CD7937715008DC79737000033
:1014B40083C7D74793E7170017370000A308F746F9
:1014C400973700009387474698435C57F19B93E70F
:1014D40017005CD79377650095CB93774500173752
:1014E40000001307A744CDCB8347070093E71700F9
:1014F40017370000230CF742973700009387C74241
:1015040098435C57F19B93E717005CD79317F5005A
:1015140063D40702173700000347C758418B973736
:1015240000009387A75051C383C7870793E7070237
:10153400173700002308F7569317E50063D707020F
:101544009737000083C7C73EE207E18763D70700E8
:10155400854717370000230DF73C97370000938722
:10156400673F9C433707020098C79317C50063D4AD
:101574000702173700000347F752058B973700001F
:101584009387C74A29C383C7970793E72700173769
:101594000000A309F75082808347370093E71700C0
:1015A40017370000A305F73881BF03C787078946AB
:1015B4003D8B6308D70083C787070D47BD8BE39D29
:1015C400E7F69147B5B703C79707118B69D783C768
:1015D400970793E7870065BF97370000938787379E
:1015E4009443973700009387673403C70700058B3C
:1015F40011CB97370000238D073297370000A3895A
:101604000732828003C71700058B65F7F85271FF14
:1016140083C75700DDB7173700001307E7300328E7
:101624000700832788039583858BADEF11C6832735
:101634000803BD832300F6009DC61C43985B460740
:10164400935767016356070093E707C0C207C18336
:1016540003970600C207C18709C7BA970947B3C7EA
:10166400E7022390F6008DCD8345150095C9973781
:10167400000083C7072C93F7070413879500894557
:1016840085C33A95834705000547994593F6F706C0
:101694006398E600E207E187814563D30700B94513
:1016A4002E8582808545EDBF411126C206C622C41F
:1016B400973400009384042A3DED9440AE87F85299
:1016C4007DFF37F400E03E8597370000238107262D
:1016D400832704D1B285ED9B2328F4D0832704D13A
:1016E40093E787022328F4D073005010978000E01A
:1016F400E780407997370000938707239C43B70618
:1017040080009843558F98C3D857719BD8D7973783
:101714000000A38F072097370000A38907209C406F
:10172400094798C3832704D193E787002328F4D07B
:10173400730050100DA08D476315F5049737000012
:101744009387871E9C43B70680009843558F98C3A0
:10175400D857719BD8D79440173700001307071D3B
:1017640083472700858B89EB83473700858BC1CB63
:1017740097370000238E071AB24022449244410155
:1017840082808547E319F5FCB7F700E003A707D18A
:101794006D9B23A8E7D003A707D11367870223A86B
:1017A400E7D07300501098408177FD175447F58FA8
:1017B4005CC70F1000009840B70702001CC79307CE
:1017C40000F8173600002305F616973700009387B4
:1017D400A7159C439C439D83858B639FA700930718
:1017E40060197CD354C737F700E0832707D193E708
:1017F40087002328F7D02DBF9307E01BDDB7FC52E9
:10180400A5F39DBF973700009387C7149C4388476F
:10181400D847798D09C988C79387018B03A307002B
:101824006303030002838280173700001307C71283
:101834008346B7019737000083C7D7144C4BB6973C
:10184400FD8B33D7F50097360000A387F610973643
:101854000000A389F612058B15EF17370000034724
:10186400B712B3F7E702814601471305000233D6E6
:10187400E500058A1378F70F19CA6397D7009737DD
:101884000000A38B070D8280850693F6F60F0507EB
:10189400E31FA7FC8280973700009387E7019C43EE
:1018A400011122CC4AC806CE26CA4EC68297973763
:1018B40000009387670C804701496301A406BE8436
:1018C40063668506018D135455009737000083C75E
:1018D400470A1379F5016360F4049739000093898A
:1018E4002903993703A884009736000083C6660845
:1018F400139756004297158C3A8683A54900636472
:1019040007016364B7003306B7409737000023A983
:10191400C706E378D4FC160433692401F240624418
:101924004A85D2444249B249056182809737000012
:10193400938707FEDC4333848740229569B7973742
:1019440000009387270198438967938707F47CD322
:1019540097370000938747059C4383A6070913968E
:1019640056006358060083A607091396660063446D
:1019740006007453FDF282804111B7E700E022C4EF
:1019840080433707200006C6798C23A0E7180F1080
:10199400000011C199E5B7E700E023A087100145D5
:1019A4007DA893073500C207C183F19BC207C18399
:1019B400130740036369F70217370000130787060C
:1019C4000843173700001307670514436392A60200
:1019D40017370000130707EF185B55DFC207DD8DCB
:1019E400054502974DBF1737000013076703C9BFAA
:1019F400035765002DEB035745006366F706B306EE
:101A0400F7402146637CD6020328050093868700AD
:101A14001D8FAA96611717360000035686E5239298
:101A2400E60023A006012393060014C12312F50047
:101A3400130786FF97360000239DE6E22313B500C3
:101A44009735000083D5E5E2B387F54017370000EA
:101A54002311F7E2B7E700E023A087102105B24085
:101A6400224441018280084195B7B7E700E08C43E6
:101A74003707200023A0E718F98D0F10000001E5B7
:101A840023A0B7108280973700009387A7F903A398
:101A9400070097370000938767F883A807008146FB
:101AA4009A8763F2170D03A807006361F50C636F4F
:101AB400A80A138787006368E50A03D667002167CD
:101AC40005076317E60003C7618B0507238BE18ACB
:101AD40017350000130585D903D647000357650061
:101AE40023930700329742074183173E00002312D5
:101AF400EED8638C670217330000130363F20323E9
:101B040003006304F30203D366006310030283D764
:101B1400460023A0060121073E9621062392C60013
:101B2400973700002397E7D4B6879843630D1703CC
:101B3400973600009386C6EE94426306D702835616
:101B4400670095E283D64700035647001843A10671
:101B5400B2962392D70098C383576500A10717371D
:101B640000002318F7D0B7E700E019BFBE86C2878C
:041B74000DBF0000A1
:101B7800971100209381018717510020130101C894
:101B88001305400097E5FF1F93854547170600207A
:101B9800130606FE63FAC5008322050023A055003C
:101BA80011059105E3EAC5FE17E500001305058553
:101BB800970500209385C5FB1386818463FAC500C9
:101BC8008322050023A0550011059105E3EAC5FE0F
:101BD8001385818497350020938505F86377B500D0
:101BE800232005001105E36DB5FEFD42739002BC8C
:101BF8008D4273904280B72200009382828873A03E
:101C0800023097E2FF1F9382623F93E232007390A3
:101C18005230970200009382820B73901234730043
:101C280020303D432A876373C3029377F700BDEFE3
:101C3800ADE5937606FF3D8ABA960CC34CC30CC734
:101C48004CC74107E36BD7FE11E28280B306C3405D
:101C58008A069702000096966780A6002307B700B9
:101C6800A306B7002306B700A305B7002305B700EE
:101C7800A304B7002304B700A303B7002303B700E6
:101C8800A302B7002302B700A301B7002301B700DE
:101C9800A300B7002300B700828093F5F50F939651
:101CA8008500D58D93960501D58D61B7939627004C
:101CB8009702000096968682E78086FA9680C1177A
:101CC8001D8F3E96E374C3F8A5B74111054506C6B6
:101CD800EF20A0381545EF1020681305800497E021
:101CE800FF1FE780005AEF00F07617D500001305B4
:101CF80065D0EFB0F03717D60000130626D297D577
:101D08000000938565D217D500001305A5D2EFB062
:101D1800902417D5000013056552EFB0703517D51C
:101D28000000130565D2EFB0B034EF10C03AEF10E1
:101D38004053EF90D076EF001078EF00306B17D556
:101D480000001305E5D2EFB0B032212EEF00904D20
:101D580097E0FF1FE780A03317D50000130545FE65
:101D6800828017D50000130525F58280914701452B
:101D780063E9B7008A0597D700009387E725BE95E2
:101D880088418280238401848280011106CE22CC7E
:101D980026CA32C6AE84EF00B0743246171400204B
:101DA8001304C477A285172500201305258BEF603F
:101DB800E00C22866244F240A685D24493060004D1
:101DC800014505616F70C043411122C426C206C691
:101DD800B2844AC02E841306F00F99C003C60500CA
:101DE80093178601E18797D600009386E6F763CAC2
:101DF80007001317260097D700009387A7C8BA973C
:101E080094432687AA8517D50000130565F6EFB019
:101E18009014A29417D900001309C9F7631D940000
:101E28002244B2409244024917D50000130505F731
:101E380041016FB0F023834504004A850504EFB0E3
:101E48009011E9BF411122C426C22E84B284AA850A
:101E580017D500001305C5F44AC006C6A294EFB012
:101E6800900F17D900001309E9F2631D940022446A
:101E7800B2409244024917D50000130525F24101EA
:101E88006FB0101F834504004A850504EFB0B00CFD
:101E9800E9BF9D47639FF504239901842398018432
:101EA8002396018423950184239E0184239D018424
:101EB800239B0184239A0184238701844111854748
:101EC80093060004171600201306067C8545014575
:101ED80006C6238CF184EF70A032B240930600044A
:101EE80017160020130686639145014541016F705E
:101EF80020318280011132C606CEEF00705E83D792
:101F08000185324613971700972700209387C797B4
:101F1800BA972390C70083D70185171600201306A8
:101F2800A6769A07B29783C507009D471387018550
:101F38009386A184639BF50285472380F18A83D722
:101F4800060083D6C184958FC207C183A1466380EA
:101F5800D70483570700F240930600049A073E9679
:101F68008545014505616F70A029835707008507DE
:101F78002398F18483570700A1456394F5002398BB
:101F8800018483D7060085072395F1844DBFF2406D
:101F980085472387F1840561828083D7C1858507BA
:101FA800239EF18483D6C185A1471387C185639495
:101FB800F600239E018483D761858507239BF184DE
:101FC80083D6418583D76185638AF60283570700E4
:101FD80003570700172600201306068C9A07931646
:101FE800170017270020130727AB369783560700DB
:101FF8003E969305100801456F7000148547238CA1
:10200800F1848280411122C43284A2851D46138541
:10201800C18206C6EFB0C0688347140003450400B8
:10202800A207C98F034524004205C98F0345340020
:1020380062055D8D01C9EF2080212244B240410133
:102048006F00104AB240224441018280411132851A
:102058009385C1821D4606C6EFB08064B240410137
:1020680082800111280006CEEF1090799706002093
:10207800938606B0014797D500009385A5CD2145E5
:102088003C00BA9783C707000507890613D647009F
:10209800BD8B2E96AE970346060083C70700238F95
:1020A800C6FEA38FF6FEE31DA7FC130600109715C6
:1020B80000209385A54A171500201305255A970770
:1020C8000020238F07AAEF501059EF30006697D5EC
:1020D80000009385A5C40145EF60503B971500208B
:1020E8009385C5580145EF60F03F938541820145CE
:1020F800EF60B0429385C1810145EF6010429715AA
:1021080000209385253A0145EF60304CAA850145AA
:10211800EF60503D971500209385853A0145EF60A3
:10212800D04AAA850145EF60F03B9385418101457E
:10213800EF60B03E9385C1800145EF60103E170601
:102148000000130646D5B78500400145EF60F0430F
:10215800F240056182801571A2CDA6CBCAC9CEC74F
:10216800D2C586CFD6C3DAC1138AA1841384C184A9
:102178009714002093844451171900201309C9713A
:10218800972900209389499103570A00835704002F
:10219800C207C183638EE70083D7418503D7618572
:1021A800998FC207C1831D47938A4185637CF70CC9
:1021B8000145EF60D03BEF00D0120145EF60303BA6
:1021C80015E19305F1018800EF00101501CD0C0110
:1021D8008800EF30604E9375F50F0801A30FB1002A
:1021E800EF001019130600020C1017150020130534
:1021F800E546EF5050542A8411CD2A860C1017D585
:1022080000001305E5AA3D3993150401C1810810A2
:10221800EF20400E0145EF60903539C983C78184AE
:10222800A1EB13060004971500209385252B17258D
:1022380000201305659AEF5010501DC92A8697157E
:1022480000209385A5292AC617D50000130585A661
:10225800D53EEF00F028B246854717160020130632
:10226800E6279305400801452384F184EF60D06C8C
:10227800FE406E44DE444E49BE492E4A9E4A0E4BED
:102288002D61828083D5218583D7218513971700F7
:10229800971700209387475FBA9703D607009A05D8
:1022A800A69517D50000130525A0393E03D521852D
:1022B80083D5A1859A051A05CA952695EF30C03FA2
:1022C80083D7A1858607CE972390A70083D5A185BC
:1022D80083D7A1858607CE9703D607009A05CA95A6
:1022E80017D500001305859CC53483D7218585073C
:1022F8002399F18403D72185A147138BA185631402
:10230800F700239901848357040085072396F184F5
:1023180083C7E1849DC783570A0003570400998F38
:10232800C207C1832147638EE7002387018403D650
:1023380001851A0693060004269685450145EF6037
:10234800306C83570B008507239DF18483570B005E
:1023580021476314F700239D018483D70A0085076A
:10236800239AF18483C78185E38007E29387618597
:1023780003D70A0083D70700C207C183E386E7E0D3
:10238800238C018403D6C18583D7C1858607CE9760
:1023980083D607001A064A96930510080145EF6090
:1023A800B059DDB3B7E700E03707400023A0E710D6
:1023B80082801387018603230700B287630E030216
:1023C8000D476302E502C547630AF50085476315B3
:1023D800F502814601468145014502838146014651
:1023E80081450545DDBF89E901CA83461600838515
:1023F800070009060945D5B78280797122D41306EA
:1024080000022A8481450A8506D697F0FF1FE780D7
:10241800E0A3C1472300F100B7477671938797126D
:102428003EC4B7575500938757553EC697070000D7
:10243800938767F83EC89307B0BFA3008100231EA7
:10244800F100EF90402B0A85EF80605819E5238250
:102458008186B2502254456182800545DDBF23A0A4
:10246800B186238201869307700263E3A70071B7E0
:102478000945828003C74186631AA700411106C631
:10248800EF906027B2400145410182801307700236
:102498006363A7009DB7094582801DC99387F5FF2F
:1024A80093F7F70F1307A00F6364F702011122CC0B
:1024B80006CE2EC62A84EF90002422856244B245B7
:1024C800F2409306F00F1306F00F05616F80206A43
:1024D80009458280411106C6EF90E021B24093067B
:1024E800F00F1306F00F8145014541016F80700F11
:1024F80089476310F50493078005639AF604411130
:1025080022C417150020130525622E84B2851306F0
:10251800800506C6EFB0C01823808188224485470D
:10252800A381F188B24003C5C188914541016F601C
:10253800907509E5A14503C5C188D5BF85476318CE
:10254800F5000D46854503C5C1886F60507D8280C2
:10255800011122CC26CA4AC8AE842A893284814510
:1025680013064004171500201305C5623EC236C67F
:102578003AC442C006CEEFF0CFEA37464150224770
:102588000248B246130676459717002023AAC75E6D
:102598000546971700202387C75E97170020A38357
:1025A800275F971700202380E75E97170020A38CEA
:1025B800075D9717002023A9975C9717002023A78A
:1025C800875C9717002023A5D75C924799CB630AAD
:1025D80008004286BE85171500201305A55BEFB0DD
:1025E800200CB7A71C81B7060001938757DC014769
:1025F800171500201305C55893863619130640058C
:10260800B305E50083C505000507AD8FB387D7027D
:10261800E318C7FEF240624417170020232CF75A2C
:10262800D244424905618280197193970501A2DC61
:1026380086DEA6DACAD8CED6C1872E8463D0070232
:10264800EF60B04A19C1EF6030452165218DF65021
:102658006654D6544659B6590961828093F70504E1
:102668008DC3EF00500B19E9EF00806713060014C3
:102678009305000403C5C188EF60706A134504041C
:10268800F9B793F74500638C072483C731886385BE
:1026980007244800EF109032130680059715002094
:1026A800938585482800EFA0B07F1245938701885D
:1026B80083C40700A3810188EF1050322247B7472F
:1026C8004150E20493877745E1846315F704034793
:1026D800C10085476310F7040349F100930700041C
:1026E80063EA27037646B7A71C81B70600019387DC
:1026F80057DC0147938636199305400528003A951B
:10270800034505000507A98FB387D702E318B7FE6D
:102718006304F60089456DA0EF00E07F631F050E96
:10272800138781881C438546BA896396D702034775
:10273800D1006313F71A9307F0FC63D6F408A68553
:1027480017D5000013058591EFB0E000894503C552
:10275800C188EF60505303A709009147631EF7161D
:102768000347D1008D476319F7161389018742473C
:10277800832709006312F716938481875247944090
:10278800E247639BE614D8406318F7140347E10057
:1027980083C741876312F7149305000203C5C188F4
:1027A800EF60706E9040D44083250900814701484E
:1027B80003C741871145693B994723A4F18885459B
:1027C80003C5C18861A85246E246B367D600BDDF9B
:1027D8000349E100130760029307F9FF93F7F70F26
:1027E800E366F7F6C24523ACC18623AED18623A89B
:1027F800B186238A21874A87014881470945893B51
:102808008947A6854A8617D500001305258723A47E
:10281800F188EFA0507485451DBF8347D1000D474F
:102828006391E7049727002093874785D24690470E
:102838006247E311D6EED447E39EE6ECC2458147F2
:10284800172700200347F7831145014883C4C1882F
:102858000133A94723A4F18885452685EF60B04256
:10286800A5A81547E398E7EA9727002093870781EB
:1028780052469847E246E31FC7E8DC47E39CD7E89F
:1028880083C74188E39807E893878186C2449C43BD
:102898006390F40203C8C186630C080097170020F0
:1028A800938787200147A68519455D31A14731B730
:1028B80083C72188E39007E64A866C08171500202D
:1028C80013058522EFA0D05DA380218923A49186DA
:1028D80085472381F1882921134544008DBB93F74F
:1028E800150095C393058005171500201305452984
:1028F8006D3619C50D46854503C5C188EF60304260
:1029080013451400A9B393F7250081CFE13619C503
:102918000D46894503C5C188EF6070401345240002
:102928003DB393F78500638A070A938781889C43A0
:1029380009476398E70203C541872D3E91478945BA
:1029480003C5C18823A4F188EF60F0331306003271
:102958009305000203C5C188EF60703C13458400ED
:10296800FDB119476396E706854717170020230A24
:10297800F7709387418783C70700938481879040C6
:10298800D44017170020A30EF76E971700209387DF
:10299800E76E90C7D4C76D210DE5AD2E9440D040A9
:1029A80083C5418717C5000013050570EFA0B05A0D
:1029B8009D47894503C5C18823A4F188EF60B02CE1
:1029C80071BF17C500001305E570EFA0706ACDB799
:1029D800F59B2147E394E7F8E1BF93F7050113C599
:1029E8000501E39607C693F705020145E38107C68B
:1029F80093878188984391476313F702A53C8547DD
:102A080023A4F1888146938781870147894503C5B7
:102A1800C18894C3D8C3238A0186EF60D0261345A2
:102A2800040235B1411106C622C4E92E170500007B
:102A38001305C5BFEF6050712386A188E929814736
:102A480009C59717002083C7D763970500009385AA
:102A580065AA3E85EFF0BFA001C917C500001305A0
:102A6800E558EFA0F06001A07D2183C7C18821C58A
:102A78001717002013078760834677001384818720
:102A88008945238AD186104754473E851D4754C03F
:102A980010C023A4E188EF60101FAD2C14405040F3
:102AA8002244B24083C5418717C500001305C555A8
:102AB80041016FA0504A930500043E85EF60B01CA9
:102AC8008547894503C5C18823A4F188EF60B01BF9
:102AD8002244B24017C500001305C55541016FA037
:102AE8003059411122C406C62A840DC183C74188C2
:102AF80091EF83C7218899CB238101889D47894518
:102B080003C5C18823A4F188EF60F0172382818868
:102B1800B24022444101828083C72188B9C78147D6
:102B280031C5A9C5011126CAAA84680006CE22CCDF
:102B38004AC82E84EF10806803C911884A86971501
:102B48000020938565FA2685EFA09035324523004D
:102B5800240123810188EF106068F24062448547B0
:102B6800D24442493E850561828081473E85828004
:102B7800411122C426C24AC006C62A89AE84612EE3
:102B88002A8421CD630209069387F4FF93F7F70F90
:102B98001307F003636AF7042686CA851715002011
:102BA800130585F0EFA0D02F971600209386064DC9
:102BB8009385818690468C41D44623869186CA8720
:102BC800014719452688EFF0BF98A147854503C5F9
:102BD800C18823A4F188EF60100B2285B2402244FB
:102BE80092440249410182800144C5BF4111C14557
:102BF800014506C6EF10E03B371700408327870CD6
:102C08008D451305000893E707082324F70CEF10F8
:102C1800E02F85454145EF10602FEF1040660145D4
:102C2800EF10006995450545EF10206AB240B7E7F7
:102C380000E03707000423A0E710130600409715AB
:102C48000020938565FB171500201305E5F8410161
:102C58006F506020371700408327870A411106C646
:102C680093E707202324F70A8D4513050020EF106A
:102C7800801F854513050010EF10E01EEF10006D52
:102C88000145EF10C06F95450545EF10E070B24063
:102C9800B7E700E03707000823A0E710130600088D
:102CA8009715002093854535171500201305C5F3A2
:102CB80041016F50401A371700408327C70C411154
:102CC800B706800006C6D58F2326F70C8D45370535
:102CD8008000EF10A023B240A386018841018280C2
:102CE800371700408327870C4111B706800006C6B6
:102CF800D58F2324F70CEF10A04FB7C72D0093876B
:102D0800076C3E9523A8A188B2408547A386F18821
:102D180041018280371700408327C70CB70680001F
:102D2800D58F2326F70CA3860188828083C7D18894
:102D38008DCB411106C6EF10A04B938701899C43A8
:102D48001D8D634D0500371700408327C70CB70654
:102D58008000D58F2326F70CA3860188B240410155
:102D68008280828061468145171500201305053150
:102D78006FE03FEB3787B8ED13060501FD571307E2
:102D880007326315C50013C5F7FF82800505834622
:102D9800F5FFB58FA14693D51700858BB307F04093
:102DA800F98FFD16AD8FE5FAE9BF1441374744574F
:102DB800130707156395E604544141114166A206BD
:102DC80022C406C6A18205062A8401476394C60266
:102DD8008346750013066002FD1693F6F60F636BC3
:102DE800D60014455045D18E91C669371848098FC9
:102DF80013371700B24022443A85410182800147C7
:102E08003A8582804111E1461716002013060627ED
:102E180081452D4506C697E0FF1FE78040C019C5CC
:102E280091378947B2403E854101828017150020BD
:102E38001305C5249D3F814775F52D378547DDB7B7
:102E4800397126DA06DE22DC9714002083C4642355
:102E580085476390F40C1714002013042422834739
:102E6800740013076002FD1793F7F70F6363F70AFF
:102E78001C445844D98FD1CF6146A2850A85EFA05A
:102E88003002B7474457938707150A853EC0231277
:102E98009100CD35B7F707002AC803C70701A54732
:102EA8006313F70001A093060010014681452545EC
:102EB80097E0FF1FE780A0B6914731E5E1460A8613
:102EC8008145294597E0FF1FE78060B5954705EDE7
:102ED800E146300881452D4597E0FF1FE78020B483
:102EE800894715E161468A852808EFA00079994746
:102EF80019E928085D3D994719C561462C082285BE
:102F0800EFA0007A8147F2506254D2543E85216185
:102F180082808D47CDBF171500201305251671B582
:102F280011455DA5411193962500AA852D4506C634
:102F380097E0FF1FE780A0AEB240014541018280C3
:102F4800011122CC06CE3714004026CA4AC84EC604
:102F580052C483447405034AB4058349840503496C
:102F68009405EF10A0068347A40593F4F40F137A91
:102F7800FA0F93E71700230DF40493F9F90F137967
:102F8800F90FB717004003C7A705058B6DFF03D5D9
:102F9800C705A38D4705238C3705A38C2705A38B6D
:102FA8009704F2406244D2444249B249224A056138
:102FB800828041119397050122C406C6C1872E84D9
:102FC80063DD0700EF60603219C1EF60E02C216516
:102FD800218DB24022444101828093972501014509
:102FE800E3D907FEEF706020253F37F6020013068D
:102FF80006E0896503C58189EF6060520965C9BF2C
:103008002D71232A9110FD74E98C232C811023281B
:103018002111232631112A84AE89328993060010A2
:103028000A86A6852D45232E111097E0FF1FE780FD
:10303800009F1315440151810A0513962900CA857A
:103048000A9597E0FF1FE78080DCA6858566014624
:10305800254597E0FF1FE780809C0A86A685930692
:103068000010294597E0FF1FE780609B8320C1116E
:103078000324811183244111032901118329C110DB
:1030880015618280B7F7070003C70701411106C61B
:1030980022C426C24AC0A547631AF7009537B24032
:1030A800224492440249014541018280139425003B
:1030B800AA843289A286AA850146254597E0FF1F82
:1030C800E780E095A2864A86A685294597E0FF1FF6
:1030D800E780E094E9B71D71494697C500009385DC
:1030E800250117C500001305651586CE97E0FF1F5B
:1030F800E780E0D801E917C500001305A500EFA097
:10310800207701A0B7F600E0795798CAFD57DCCAC6
:103118000567B7E700E023A0E7101306F00290C2A6
:1031280023A0E7180100010017E7FF1F1307C71CBA
:1031380023AAE1884157A38AE74013060004814582
:10314800080897E0FF1FE78060D097F7FF1F938775
:1031580067B53EC8896793870780231AF1009D6782
:103168003ECCB7070105938707103ECEED472310E5
:10317800F10285472301F102970700009387C7DA18
:10318800BEC297070000938727F0BEC48567938760
:1031980057D12312F102971700009387A7053ED84D
:1031A800B7F50700970700009387C7D93EDC81462B
:1031B80097070000938707D73000E10519453EDEE1
:1031C80097E0FF1FE780A0851808814799463000DF
:1031D8003E960346060085070507A30BC700E3983C
:1031E800D7FEC24791C70357410185676373F7004C
:1031F80001A08307410263D7070493078008F3B748
:10320800078093F787083EC40F100000B7170040E7
:10321800130770052380E704130780FA2380E70467
:103228000F100000B847B706100013670718B8C793
:103238009853558F98D323800704A247F3A7078094
:103248000F1000000808EF60E073AA8501C917C5D0
:103258000000130565ECEFA0005001A0F6402561C1
:1032680082804111170500001305E5D406C622C463
:10327800EF60806D138481892300A4001928034519
:1032880004002244B24013060032896541016F6090
:103298000029797106D613078008F337078093F75A
:1032A80087083EC20F100000B7170040930570054D
:1032B8002380B704130680FA2380C7040F10000088
:1032C80083C6F70293F6A60FA387D70223800704C5
:1032D8009246F3A606800F10000073370780137715
:1032E80087083AC40F1000002380B7042380C7045E
:1032F8000F10000003C7F70213672700A387E70230
:1033080023800704A247F3A707800F100000054594
:1033180069283931814701478146054685451305A6
:10332800407ED92868005146814597E0FF1FE78015
:10333800E0B1B707C0A83EC8B787E803938707D0AE
:103348003ECA680097D7FF1F938747EF3EC6EF60D6
:103358007008B25045618280371700408347E70400
:103368001205411193F7F708C98F93F7F70F9306E2
:103378008008F3B6068093F6860836C60F1000005C
:10338800930670052300D704930680FA2300D70418
:103398000F1000002307F70423000704B247F3A720
:1033A80007800F10000041018280B717004003C753
:1033B800E7020D8941111377C70F498F93068008DB
:1033C800F3B6068093F6860836C60F1000009306FB
:1033D80070052380D704930680FA2380D7040F1042
:1033E80000002387E70223800704B247F3A707807A
:1033F8000F1000004101828041112A83014E930E73
:10340800407E130F0019930F400663E56E12930870
:10341800001913034006B3781503854E0D4FA14FCD
:10342800337365020D891335150063EFBE12130857
:10343800F6FF794672984208135808013307C70205
:1034480013D61700BE0732976146B3F6C6021306B5
:103458008070B386C6023697A166F58F42075D8FE6
:10346800B716004083C7F60293F70708A303F100D5
:103478000346710083C7F60293F70708E394C7FE73
:1034880083477100B716004093F7F70F6388071258
:1034980093078008F3B7078093F787083EC40F1097
:1034A8000000B7170040930670052380D7049306E1
:1034B80080FA2380D7040F10000023AA070383C6CD
:1034C800170393E60608A388D70223800704A247B8
:1034D800F3A707800F1000001166B71700407D168C
:1034E800D45BC85F93854703A98EF18EF5FA9306DE
:1034F8008008F3B6068093F6860836C60F100000DB
:10350800930670052380D704930680FA2380D70496
:103518000F10000098C103C7170313670704A38897
:10352800E70223800704B247F3A707800F100000C3
:10353800410182807D133368E3039308E016630E2C
:1035480008003368F3039308D016630808009378DB
:10355800330093B818009388D81633081E01131E39
:103568000801135E0E0155B56393E50305486386AC
:1035780008000148630303002A8871087298FD1542
:10358800131E0801C205135E0E01C18179BD13F82F
:10359800150063F4BF007908D5B713381800E5BFE4
:1035A80083C7F60293F70708A303F10003467100E7
:1035B80083C7F60293F70708E394C7FE83477100B1
:1035C80093F7F70FF1DFE9B531714AD966CB06DF1A
:1035D80022DD26DB4ED752D556D35AD15ECF62CDE7
:1035E8006AC96EC7AA8C02D8EF0050392A89930796
:1035F8008008F3B7078093F787083EDA0F100000BA
:10360800B7170040130770052380E704130780FAF3
:103618002380E7040F10000003C7F7021377770F22
:10362800A387E70203C7F70213678700A387E702A8
:1036380023800704D257F3A707800F100000054521
:10364800AD33130780C13347E902116A93070AE8CB
:1036580093065002BD69930BA004814A014B1304E1
:103668008008930470057D1AB347F9023307D7021F
:103678003EC0FD873ECC938709A69309803E334719
:10368800F7023AC27D873AC4334739038549B3996B
:10369800990193D93940B306D702B30B7703B3C660
:1036A800F602B3CBFB0236C6FD8636C893D6FB417D
:1036B80036CEB7460F00938606243349D90285666D
:1036C800938606FAB3969601B389E9021307605503
:1036D8003309D90293060010B389E9023349D902A4
:1036E800B3C9F9029316390036CA37190040FD8666
:1036F80036D0930D090493D7F9413ED2F3360480AE
:1037080093F6860836DC0F100000930770052380B7
:10371800FD00930680FA2380DD000F100000834629
:10372800390593F6860FA309D9048346390593E62C
:103738001600A309D90423800D00E256F3A60680DB
:103748000F100000130C80FA116DF336048093F605
:10375800860836DE0F100000930770052380FD00F1
:1037680023808D010F10000083463905216693E6FA
:103778000602A309D90483560905B3E6A60123184E
:10378800D90483560905D18E2318D90423800D0046
:10379800F256F3A606800F1000008346390593F60B
:1037A8000602638B061803463905218A6DDE081860
:1037B800EF00D0207336048013768608B2C20F104B
:1037C800000023809D0023808D010F100000B71793
:1037D800004003C637051376F60DA389C70403C650
:1037E800370513660602A389C704835609052166AF
:1037F800B3E6A6012318D90483560905D18E2318E8
:10380800D90423800D009646F3A606800F10000009
:103818008346390593F606026387061483463905FD
:10382800A18AEDFE97D0FF1FE78020A4AA8636D490
:1038380097D0FF1FE78060A3A256E30AD5FE835600
:1038480009054255B3E6A6012318D904EF0010195B
:1038580083463905A18AEDDE035609058346290505
:1038680082473376CA00B306DA0293D5F641B29698
:10387800B388F640E24733B8C6002E983308F840BC
:10388800A247B3B616013308D84063C70701631DC2
:10389800F800924763FA1701C247634DF80E639523
:1038A8000701B24763E8F80E894663E7660FF246F8
:1038B8009315180013D3F8015E8613951800B365A5
:1038C800B30042D646D4EF9040643258050B137BC0
:1038D800FB0F6347000163120838A258638F08364C
:1038E80013081500B336A800B69513D6F50132981B
:1038F800B336C800AE9613581800FE06B3E60601A4
:103908007336048013768608B2C60F100000238031
:103918009D0023808D010F1000000356C902B29646
:10392800C206C1822316D90223800D00B646F3A62B
:1039380006800F10000011BDF336048093F6860848
:10394800B6C00F10000023809D0023808D010F104A
:1039580000008346390593E60602A309D9042380AB
:103968000D0086463DB5F336048093F68608B6C446
:103978000F10000023809D0023808D010F10000090
:103988008346390593E60602A309D90423800D006E
:10399800A6469DBDE30D0BF0F336048093F686082A
:1039A800B6C80F100000930680FA23809D0023807C
:1039B800DD000F1000008346390593F5FC0F93F6E0
:1039C800860FA309D90483463905CD8EA309D904E6
:1039D80023800D00C646F3A606800F1000001305CD
:1039E80080FA03463905930639051D8A631496291A
:1039F8007336048013768608B2CC0F1000001306C5
:103A080080FA23809D002380CD000F10000003C69C
:103A180006001376F60D2380C60003C6060013665B
:103A280006022380C600835609051166D18E231825
:103A3800D904835609052166D18E2318D904238019
:103A48000D00E646F3A606800F100000130680FA64
:103A58008346390593F606026388062483463905AA
:103A6800130C3905A18AFDDA0818892FF33604806A
:103A780093F68608B6D00F100000930680FA2380CC
:103A88009D002380DD000F10000083460C001166A6
:103A980093F6F60D2300DC0083460C0093E606023D
:103AA8002300DC0083560905D18E2318D9048356D8
:103AB80009052166D18E2318D90423800D00865666
:103AC800F3A606800F100000130680FA8346390516
:103AD80093F606026385062083463905A18AEDFE22
:103AE80097C0FF1FE78060782A8C97C0FF1FE78088
:103AF800C077E30C85FF8356090511664255D18EC0
:103B08002318D904E12D8346390513063905A18AFE
:103B1800FDDAF336048093F68608B6D40F10000059
:103B2800930680FA23809D002380DD000F1000009B
:103B38008346060093F6F60D2300D60023800D0079
:103B4800A656F3A606800F10000083560905034603
:103B58002905D247B376DA003306CA021305800C6A
:103B68009355F6413696330DF6408257333CD600CE
:103B78002E9C3336A601330CFC40330CCC40330862
:103B8800850392564E86B335A5033305A503C29522
:103B9800EF90A03763468001631E0C16630C0D1668
:103BA800130615003335A6002E959356F501369663
:103BB800B335D600AA959396F50105828585D18EF1
:103BC8006346B000639D051A638B061A0356C90243
:103BD80015823305D6003336C500B2956348B00068
:103BE800639105241306F00F637DA622894663F3CB
:103BF800561593078008F3B7078093F78708BED652
:103C08000F10000037170040930770052300F704D2
:103C1800930780FA2300F7040F1000008356C702A9
:103C280089678117D58FC207C1832316F70223003E
:103C38000704B657F3A707800F100000FA506A541C
:103C4800DA544A59BA592A5A9A5A0A5BFA4B6A4CB0
:103C5800DA4C4A4DBA4D296182801308F5FF333595
:103C6800A800FD152E951356F5013298B336C800F5
:103C7800AA9651B1F336048093F68608B6CA0F1097
:103C8800000023809D002380AD000F1000008346B4
:103C98003905CD8EA309D90423800D00D646F3A695
:103CA80006800F10000035BBF336048093F68608B3
:103CB800B6CE0F10000023809D002380CD000F108A
:103CC80000008346390593E60602A309D904238038
:103CD8000D00F646F3A606800F10000095BBF336DC
:103CE800048093F68608B6D20F10000023809D004A
:103CF8002380CD000F1000008346390593E60602A5
:103D0800A309D90423800D009656F3A606800F1048
:103D180000006DBB9306F5FF33B5A600FD152E9583
:103D28009355F501AE96B3B5B600AA951396F5016D
:103D3800858269B5F336048093F68608B6D80F10E5
:103D48000000930680FA23809D002380DD000F1079
:103D580000008356C9020566011693F6F60FD18E48
:103D6800C206C1822316D90223800D00C656F3A6C7
:103D780006800F100000850A93FAFA0F41B233E665
:103D8800B60045C20356C9023305D0403338A000F7
:103D9800B305B040B385054115826345B000D1E154
:103DA8006371A608894663F0560593078008F3B740
:103DB800078093F78708BEDA0F100000B717004096
:103DC800130770052380E704130780FA2380E704AC
:103DD8000F10000003D7C7027D8B2396E7022380CC
:103DE8000704D65781BDF336048093F68608B6DCFF
:103DF8000F100000930680FA23809D002380DD00C9
:103E08000F1000008356C9020566011693F6F60FD7
:103E1800D18EC206C1822316D90223800D00E65630
:103E2800B9B793078008F3B7078093F78708BEDE12
:103E38000F10000037170040930770052300F704A0
:103E4800930780FA2300F7040F1000000356C702F7
:103E580093975600B297C207C1832316F70223002F
:103E68000704F657C1BB914763EEB70217B70000C6
:103E78001307872C8A05BA959C41BA978287B7178A
:103E8800004003A7470B1345F5FF698F23AAE70AEC
:103E980003A7070B698F23A8E70A03A7070A798DE9
:103EA80023A0A70A8280B717004083A6470B1347B1
:103EB800F5FFF98E23AAD70A83A6070B558D23A8E9
:103EC800A70A83A6070A758F23A0E70A8280B71777
:103ED800004003A7470B498F23AAE70A03A7070B4C
:103EE8001345F5FF45BFB717004083A6470B134797
:103EF800F5FF758F23AAE70A03A7070A598D4DB75F
:103F0800B717004003A7470B498FEDB7914763EEFA
:103F1800B70217B70000130767238A05BA959C41B3
:103F2800BA978287B717004003A7470D1345F5FFD7
:103F3800698F23AAE70C03A7070D698F23A8E70C4D
:103F480003A7070C798D23A0A70C8280B717004020
:103F580083A6470D1347F5FFF98E23AAD70C83A62E
:103F6800070D558D23A8A70C83A6070C758F23A0D2
:103F7800E70C8280B717004003A7470D498F23AA93
:103F8800E70C03A7070D1345F5FF45BFB71700401A
:103F980083A6470D1347F5FF758F23AAE70C03A7E0
:103FA800070C598D4DB7B717004003A7470D498F28
:103FB800EDB7B717004003D7870109C5D98D239CF2
:103FC800B700828093C5F5FFF98DD5BFB7170040BC
:103FD80003C777051377E70FA38BE704130700F8E8
:103FE800A38DE7043D47238CE70413075003A38CF4
:103FF800E70403C7A7051377D70F238DE70482804B
:104008004111B7F5070022C481462A842A86E105B2
:10401800194506C697D0FF1FE78060A083471400A4
:104028000347040083462400A207D98F03473400BE
:10403800B2402207558FBA9703475400834644007D
:104048002207558FBA97C207C1832303F400A183BF
:10405800A303F400224441018280797122D43714E9
:10406800004026D24AD0035924028354040206D6BB
:104078004209C2044ECE52CC56CA13590901C18016
:104088002DE11379F9F793F4F49F4209C204135907
:104098000901C18093078008F3B7078093F7870861
:1040A8003EC40F100000930770052300F404930723
:1040B80080FA2300F4040F100000231124032310B6
:1040C800940223000404A247F3A707800F100000FE
:1040D800B250225492540259F249624AD24A456176
:1040E8008280B7F5070081463000B105194597D0A1
:1040F800FF1FE780C092A24713972701E34A07FCF6
:104108001369090893E4044093098008F3B7098008
:1041180093F787083EC00F100000930A700523002C
:104128005405130A80FA230044050F1000002311D8
:10413800240323109402230004048247F3A7078072
:104148000F100000294597C0FF1FE780003DF3B915
:10415800098093F989084EC20F1000002300540506
:10416800230044050F1000008357040293E707203B
:104178002310F402230004049247B9B7B71700408C
:104188008847420541819377050491EB9377F501C0
:104198003755E801130505803345F502828093778A
:1041A800050C130700046397E7009377F50137457B
:1041B8009C1CCDB72165130505D0828037E700E048
:1041C8001C435443A183E206D58F1CC1FD5723200D
:1041D800F7182322F7180F100000828013178500A4
:1041E800B7E700E023A0E710618123A2A71082802F
:1041F800B7F700E08847CC478280814737370040CF
:10420800A14663C4C700328582800345B740E38E68
:10421800A6FE3385F5000345050085072304A7405E
:10422800CDB79387C1839C43171700201307C79204
:104238003E95636CE500172700201307273C63664B
:10424800A70023AEA1823E858280FD57EDBF4111B4
:1042580022C406C62A841D372947B307E502B2409F
:104268008D83B3D7870222449507B3D7E702373740
:104278000040C207C1832316F7004101828071659F
:1042880041111305052006C6D937B7370040130773
:1042980070F82381E7000D47A381E70013070004A6
:1042A800A380E70005472387E700B24041018280E9
:1042B80037370040834727001A0593F7F703C98F5C
:1042C80093F7F70F2301F7008280B737004003C741
:1042D800170019C9D98DA380B70003C70700136752
:1042E80087002380E700828093C5F5FFF98DA380BE
:1042F800B7008280B73700402147B736004091E1C8
:10430800828003C6B700E30CC7FE05050346F5FF28
:10431800FD15C2052384C600C181D5B7411122C449
:1043280006C62A84A13D2947B307E502B2408D831A
:10433800B3D7870222449507B3D7E702373700403F
:10434800C207C1832316F74041018280716541117C
:104358001305052006C6D937B7370040130770F88C
:104368002381E7400D47A381E74013070004A3809A
:10437800E74005472387E740B2404101828037374D
:104388000040834727401A0593F7F703C98F93F72F
:10439800F70F2301F7408280B737004003C7174063
:1043A80019C9D98DA380B74003C707401367870091
:1043B8002380E740828093C5F5FFF98DA380B7403D
:1043C8008280B717004003A7070A89651377F7BFEC
:1043D80023A0E70A83A6070A7D771306F7FFF18E65
:1043E80023A0D70A03A6470BF976FD16758E23AAD4
:1043F800C70A03A6070B1307F77F4D8E23A8C70A22
:1044080003A6070AF18E23A0D70A83A6470B0566E1
:1044180013060680F98E23AAD70A83A6070BD18E26
:1044280023A8D70A83A6070A758F23A0E70A03A73C
:10443800070AF176FD16758F23A0E70A03A7070A76
:10444800E176FD16758F23A0E70A8280B7777200A0
:104458009387F70D63FDA700854717070020A30B77
:10446800F7C28547170700202328F7C282809707DD
:104478000020A38107C2B7C7C9019387F737AA9756
:1044880033D5A70211478547E30EE5FC79158D471B
:10449800B357F502C1BF597186D6A2D4A6D2CAD0E5
:1044A800CECED2CCD6CADAC8DEC6E2C4E6C2EAC0EC
:1044B8006EDE834705007D4793C607086363D7020E
:1044C800EF309018B650265496540659F649664A65
:1044D800D64A464BB64B264C964C064DF25D656166
:1044E8008280138715003AC42380F50075472E840F
:1044F8006374F7006F10601B17B70000130747C6F7
:104508008A07BA979C43AA84BA978287834715007B
:104518001307000F638EE7066360F7020D47638C8D
:10452800E7021147638BE704014537090200A3003E
:10453800A40009094A9579B71307E00F6382E706D3
:104548001307F00FE392E7FE930700042381F500B9
:10455800A3810500A1A017D7FF1F130767619387E1
:104568002500938635010306070085070507A38FF5
:10457800C7FEE39AF6FE45454DBF194697B50000BC
:10458800938505E713052400EF908011194571BF45
:10459800CD472381F5008547A381F500094571B70B
:1045A800A1472381F500054549B703471500370999
:1045B80002008547050963F8E700FD57A380F50069
:1045C8004165050585BFA3800500DDBF834715004C
:1045D80099CB05476389E7000947638CE70881475A
:1045E800A300F400BDAE8547170700202304F7AAEF
:1045F800B717004003A7870A85668965558F23A4E6
:10460800E70A03A7070A558F23A0E70A03A6870A24
:10461800938606804D8E23A4C70A03A7070A4D8FE9
:1046280023A0E70A03A6870A7D771307F77F798E09
:1046380023A4C70A03A6470B798E23AAC70A03A691
:10464800070BD18E23A8D70A83A6070A758F23A044
:10465800E70A03A7070AF176FD16758F23A0E70A74
:1046680003A7070AE176FD16758F23A0E70A854799
:1046780085BF17070020230FF7A0B717004003A72F
:10468800870A85668965558F23A4E70A03A7070A61
:10469800558F23A0E70A03A6870A938606804D8EC6
:1046A80023A4C70A03A7070A4D8F23A0E70A03A676
:1046B800870A91654D8E23A4C70A03A7070A4D8F61
:1046C80023A0E70A03A6870A7D771307F77F798E69
:1046D80023A4C70A03A6470B798E23AAC70A03A6F1
:1046E800070BD18E23A8D70A83A6070A758F23A0A4
:1046F800E70A03A7070AE176FD16758F23A0E70AE4
:104708008947F9BD97070020238607980549553939
:10471800A300040075B58347250003471500A207C9
:10472800D98F5147B387E7023ED6B257FD173ED619
:10473800B257E5FFA300040037090200050949B58F
:1047480023810500A380050009499DBD0346450056
:1047580083463500034725002206558E83465500BB
:104768001378170083471500C206558E83466500E7
:10477800E206D18E630E080013F6170063000612D6
:10478800B715004003A6850A0565498E23A4C50A06
:1047980093782700638E080013F627006306061037
:1047A800B715004003A6850A0965498E23A4C50AE2
:1047B80013734700630E030013D62700058A7DCACA
:1047C800B715004003A6850A1165498E23A4C50ABA
:1047D800131E8701135E8E41635F0E0013D67700A8
:1047E80065C6371500400326050AFD759385F57FD4
:1047F8006D8E2320C50AADC213D5170093DE27009E
:1048080013DF570093D57700371600401377070258
:10481800854F630808008326460AB182858AE39A91
:10482800F6FE638808008326460AB582858AE31265
:10483800D5FE630803008326460AB982858AE39A6F
:10484800DEFC19C3E317FFFD63580E008326460AF2
:10485800AD82858AE39FD5FAB715004003A6450ABD
:1048680083A7450A83A6450A03A7450A83A5450ADF
:10487800B183898B918193F505083182CD8F058AA3
:10488800B182D18F918A3183D58F218BD98F93E7CC
:104898000702A300F400370906004DB5371600409B
:1048A80085652326B60AEDB53716004089652326A7
:1048B800B60AFDBD371500400326850AF175FD15BA
:1048C8006D8E2324C50A29B70566B715004013065F
:1048D800068023A6C50A03A5050A498E23A0C50A92
:1048E80019BF83C7240003451500A207C98F03C554
:1048F80034004205C98F03C5440062055D8D19E582
:10490800FD57A380F500370904000DBDEFF01FB473
:10491800A3000400CDBF03491500930525006314C7
:104928000900130900104A851D09EF00D0631359C7
:104938003900A3000400050942091369190049B1A7
:104948008347150013F7370089830507858B97F68A
:10495800FF1F238DE67417F7FF1FA309F774A380C1
:1049680005004169E1BBA3800500034A1500797C75
:10497800938B250093072500054B05497D5D37146A
:10498800004089697D1C7D1A6316AA0142093369B2
:1049980069013DB103C50700938A17009374F503B5
:1049A80099E093040004931C85019D0493DC8C41D9
:1049B8008D8063D30C048327840AB3E7370123244B
:1049C800F40A8327040AB3F787012320F40A5E86D2
:1049D800D685EF00F061631A0A002326340B83277B
:1049E800040AB3E737012320F40A050963DD0C0044
:1049F800A69B269BD68741BF2326340B8327040A10
:104A0800B3E73701D9B7A69A2699EDB7A380050071
:104A1800034A1500938A250093072500854905490F
:104A2800FD5B7D1A63167A0142093369390149BE73
:104A380083C40700138B170013F4F40319E013045D
:104A4800000426851D045686DA850D80EF10503B3C
:104A5800E20413071400E184B3078B003A99E3D208
:104A680004FCA29AA29975BF0349150017F7FF1F06
:104A7800130747623A8697F7FF1F238A2763BA8589
:104A8800814681478505090663EE260117F6FF1F53
:104A98001306466081460507090663E02603A3005E
:104AA800040051BD3385D400034525008506A38D38
:104AB800A5002311F602AA97F1B78345B701850629
:104AC8008D8F2319F602C1BF17F7FF1F0347875CB5
:104AD80089476315F7048347150017F7FF1FA308D5
:104AE800F75C17F7FF1F0347875C63F9E70239454F
:104AF800EF200025EF101041935785002301A400F3
:104B0800A301F4004169935705016181A3000400E2
:104B18002302F400A302A40015095DB4FD57C9B42B
:104B28008347150017F7FF1F230CF75683473500F7
:104B380003472500A207D98F17F7FF1F2314F7563D
:104B48008347550003474500A207D98F17F7FF1F72
:104B5800231BF754A300040037090500C5B69307C3
:104B680015003ECA17FDFF1F034DCD52854797FD1F
:104B7800FF1F938D2D526306FD0289476309FD3A95
:104B88000347250013093500631E0774D247A300A5
:104B98000400230104003309F9404209136929007C
:104BA80005B4930C3500834B250013893500238009
:104BB800018A014B014C014502C8894A9389018A3F
:104BC800054A639B0B0485466318D50263090C32BA
:104BD80097F4FF1F83D4044D094A9389018A6C1006
:104BE8003945EF00D0516319452F99C403C709000F
:104BF800FD141377F70F65D7C2472301A400A3005C
:104C0800F400D247B387FC4013950701A247330944
:104C1800F940336925016DB283C40C0093871C00E9
:104C28003EC693F62400638D061E63090C0893F6AE
:104C3800140117FDFF1F035DED46639F46036C10CB
:104C48002685EF00D04B631A550563080D0083C60F
:104C580009007D1D93F6F60FFDD2B24C83C60C00F9
:104C680013F6260063080626C18A63950626850C76
:104C7800FD1BE3950BFE81BF6C103945EF003048F2
:104C8800631C550163080D0003C709007D1D1377D8
:104C9800F70F7DD3014CD1B7014CE31045FDB25657
:104CA800110913D68600230ED9FEA30EC9FE13D60A
:104CB8000601E182230FC9FEA30FD9FE13F60401F2
:104CC80097F6FF1F83D6063E93F5140069C203CDFD
:104CD8002C0003C61C0093875C00220D3366CD00B0
:104CE80003CD3C003EC6420D336DCD0003C64C00DB
:104CF80097FCFF1F83DC2C3B6206336DA6019DC128
:104D08008145268536CCEF00903F631B5501E2466E
:104D1800A9D683C70900FD1693F7F70FF5D335BF5A
:104D2800E31D45F317F8FF1F0358C8376C10268595
:104D380042CCEF00D03CAA8763165503624863084B
:104D4800080083C609007D1893F6F60FE5D283A6FE
:104D58004D013256F18E6308DD0213E50701137524
:104D6800F50FE5BD83A54D01B256ED8EE31145FF64
:104D7800E30FDDFCE38D0CFC83C60900FD1C93F6F4
:104D8800F60FCDD2E9B7E39A47ED014B0DA8B1C5AF
:104D9800E31D0CFE8145268536CCEF005036631C9A
:104DA8005501E246E38806EE83C70900FD1693F72E
:104DB800F70FEDD35DB5E31245EB014B054CC24748
:104DC8009386FBFF85073EC883C7090093F7F70F53
:104DD800E39507E8B68BB24CEDB36C10268536CC5C
:104DE800EF00F031631C5501E246E38806E683C70D
:104DF8000900FD1693F7F70FEDD385B5E31F45E5D9
:104E0800B257110993D68700230EF9FEA30ED9FED7
:104E180093D60701E183230FD9FEA30FF9FEB5B797
:104E280063060C0417FDFF1F035DCD276C10394581
:104E3800EF00F02C631B5501E3010DE283C6090066
:104E48007D1D93F6F60FFDD209BDE31845E13257F3
:104E5800110993568700230EE9FEA30ED9FE935637
:104E680007016183230FD9FEA30FE9FE83C62C0037
:104E780003C71C0093875C00A206D98E03C73C00B9
:104E88003EC693F704024207D98E03C74C00620757
:104E9800558F3AD681CB97F7FF1F23A7E720014C00
:104EA800054531BF17FCFF1F035CCC1F6C1026851E
:104EB800EF00F024631B5501E3010CDA83C70900F6
:104EC8007D1C93F7F70FFDD3F1B3E31545DD054BD3
:104ED800014CF5B5950C69BB0547E31FE5D0325782
:104EE800110993568700230EE9FEA30ED9FE9356A7
:104EF80007016183230FD9FEA30FE9FEF5B9E30D7E
:104F08000BCE97F4FF1F83D4E419094A9389018AC9
:104F180081453945EF00B01EE31045CFE38E04CC40
:104F280003C70900FD141377F70F7DD3F1B1238070
:104F3800018A834715001389350017F7FF1FA30857
:104F4800F71617F7FF1F0347871663F8E738930C20
:104F58003500034C250001478149014502C8094B2A
:104F6800938A018A854B63120C06BA840547631E2F
:104F7800E50229476385E4002945EF10705C97F442
:104F8800FF1F83D42412094A638509309389018A53
:104F98006C103945EF206037631E453199C403C74B
:104FA8000900FD141377F70F65D7C247224723017D
:104FB800A400A300F400D2473309E940B387FC40BA
:104FC800C20733E927016FF0AFDF03CA0C009387EC
:104FD8001C003EC693741A0093762A00A904638EB7
:104FE800061C638B090897F6FF1F83D6A60B631868
:104FF800970213760A0105E66C1052853ACE36CC34
:10500800EF20A030724763186505E24699C603C6CB
:105018000A00FD161376F60F65D2BA84C1A0A94717
:105028006307F700294536CCEF109051E246B68960
:105038006C103945EF20602D631D6501638A091ADC
:1050480003C70A00FD191377F70F7DD3A9448149D7
:1050580071A029478149E31275FDB256110913D68B
:105068008600230ED9FEA30EC9FE13D60601E182DF
:10507800230FC9FEA30FD9FE93760A01E5C683C69E
:105088002C0003C61C00A206558E83C63C00C2062F
:10509800D18E03C64C006206B367D6003ECC938718
:1050A8005C003EC697FCFF1F83DCECFF6385E400D1
:1050B8002685EF10F04817F7FF1F0357A7FE814515
:1050C80052853ACEEF20602463196503724719C7E9
:1050D80083C70A007D1793F7F70FF5D3B24C03C7C0
:1050E8000C00937627006384061A418B6311071A14
:1050F800850C7D1CE3150CFE95BDE31175FF17F7B4
:10510800FF1F035727FA6C1052853ACEEF20E01F95
:10511800AA87631C6501724719C783C70A007D17F0
:1051280093F7F70FEDD3EA8715A083A64D01325701
:10513800758F631D7501E246638AE60063880C007B
:1051480003C70A00FD1C1377F70F55DBB25603A7F8
:105158004D01758FE2466387E61213E50701137563
:10516800F50FADBF639309126385E4002685EF1040
:10517800303D97FCFF1F83DCECF281455285EF2020
:10518800C018631B6501E3840CEC83C70A00FD1C8F
:1051980093F7F70FFDD399B7E31275F58549C24721
:1051A8009306FCFF85073EC883C70A0093F7F70FED
:1051B80095F72687368CB24C7DB3638F0904A947CF
:1051C8006305F7002945EF10B03797F6FF1F83D620
:1051D80066ED6C10394536CCEF202013631C650151
:1051E800E24699C603C70A00FD161377F70F75D371
:1051F800A944EDB5E31E75FF325711099356870090
:10520800230EE9FEA30ED9FE935607016183A30F6F
:10521800E9FE230FD9FE294703C62C0083C61C00CC
:1052280093875C002206558E83C63C003EC6937762
:105238000A02C206558E83C64C00E206D18E36D6C7
:1052480089CB97F7FF1F23A1D7E6BA848149054583
:10525800B9B76385E4002685EF10902E97F9FF1FF4
:1052680083D949E46C105285EF20200A631B65013D
:10527800E38609E683C70A00FD1993F7F70FFDD304
:10528800F9B38149E30D75F191BDBA8409BF950C55
:105298008DB59389018A81453945EF200007E316CA
:1052A80045D1E38404D003C70900FD141377F70F31
:1052B8007DD3E5B90547E31AE5CE32571109935670
:1052C8008700230EE9FEA30ED9FE935607016183DA
:1052D800230FD9FEA30FE9FEC9B9930C250002C814
:1052E8000145E1B18347090093F6270091C6C18BB8
:1052F80081E705097D1749B81509EDBF97F7FF1F25
:1053080083C747D90547638DE70009476389E718CD
:10531800A380050023810500A38105000D4955A838
:105328002380018A034A35008347250013894500F5
:10533800220A336AFA0063040A2E834A450093F767
:105348002A00A1E3930B55008149094C938C018AEB
:10535800054D17FBFF1F035BEBD463103A11894A15
:10536800FD5B138A018A81453945512B6318550520
:105378007D1B63057B0583470A0093F7F70FE5D785
:1053880035A893F71A00E1C797F9FF1F83D989D188
:10539800894B138B018A814556859523631C7501BA
:1053A800638E090083470B00FD1993F7F70FE5D7C4
:1053B800814929A085478149630BF508A247A300C5
:1053C800340193D9890023013401A301A4003309CE
:1053D800F94083C7440037050400898BE39B0782A3
:1053E80003C5340083C7240022055D8D05054A05E1
:1053F8006FF03F827D1AE31375FDB25711098509D5
:1054080013D78700A30EE9FE13D70701230EF9FE71
:10541800230FE9FEE183A30FF9FEE3010AFA6316FD
:105428007A0193F71A0091C3B94A17FBFF1F035B70
:105438006BC76C105685E121E31E95FBE3000BF862
:1054480083470C007D1B93F7F70FE5D785BF81498C
:10545800854B894C138C018AD9B703C71B0083C7B6
:105468000B00910B22075D8F83C7EBFFC2075D8F8F
:1054780083C7FBFFE207D98F3ED66C1056854121C2
:10548800631B8501E30C0BF283C70C007D1B93F7AC
:10549800F70FE5D725B7E313A5F385095DBD23808D
:1054A800018A834715001389450017F7FF1FA300DA
:1054B800F7C017F7FF1F034787BF63F2E716034AD2
:1054C800350083472500220A336AFA0063090A1463
:1054D800834B450093FA1B00A90A5685EF10500626
:1054E80093F72B005E8BB9EB138B54008149894CE1
:1054F800138D018A854D03471B0083470B0017FC5A
:10550800FF1F035C2CBA22075D8F83472B00110B0A
:10551800C2075D8F8347FBFFE207D98F3ED66C1029
:105528005E85EF10905E631B950BE3090CE88347DB
:105538000D007D1C93F7F70FFDD349B597F9FF1FB1
:1055480083D949B6894C138C018A81455E85EF1051
:10555800D05B631B9501E38309E683470C00FD19C3
:1055680093F7F70FFDD3A9B585478149E318F5E40B
:10557800854B294D094C938C018A63187A01394B64
:105588006385AA012945EF10A07B97FDFF1F83DDE6
:105598006DB16C105A85EF105057631B8501E38F6E
:1055A8000DE083C70C00FD1D93F7F70FFDD339B548
:1055B8007D1AE31575E1B2571109850913D78700DC
:1055C800A30EE9FE13D70701230EF9FE230FE9FE08
:1055D800E183A30FF9FEE3120AFACDB3E310B5DFB6
:1055E8008509E31A3AF1A9476385FA002945EF10BE
:1055F800207517FAFF1F035AEAAA094B938A018AF2
:1056080081453945EF107050E31A65DBE3080ADA83
:1056180083C70A007D1A93F7F70FFDD345B30145F9
:1056280041BB97F7FF1F83C7E7A60547638AE700D3
:105638000947638BE702FD57A300F4006FF0CFD151
:1056480003473500834725006C1022075D8F834789
:105658004500C2075D8F834755000145E207D98F92
:105668003ED6712C6FF00FCF8347150017F7FF1F39
:10567800A30FF7A217F7FF1F034767A3E3FDE7FA96
:105688002145EF10E06B03C5340083C724002205D1
:105698005D8D83C74400C207C98F03C554006205E6
:1056A8005D8DEF10202A6FF0EFCAFD57416523008A
:1056B800F40005056FE01FE1834605001306F007B7
:1056C8006393C606011122CC4AC84EC652C456C2BC
:1056D80006CE26CA2380D50083441500370402006D
:1056E800416A1309250093892500A38095000904C0
:1056F800FD5A7D1AFD14639C54012285F2406244D0
:10570800D2444249B249224A924A05618280CE85F2
:105718004A85EFE05FD8935705012A943375450110
:105728003E99AA99C1BF6FE01FD7411106C697F7E6
:10573800FF1F938727961307400698CB37450F001E
:105748000547239CE70013050524238007002386CB
:10575800070023AA0700238D0700EFE03FCFB240E0
:1057680041016FE01FC641C5B7160040411113063D
:10577800F5FF0148014797F8FF1F9388A891138305
:10578800C60A896F056F856E7D5E630D08047D18F6
:1057980093771700A9C783A7860AB3E7F70123A45D
:1057A800F60A83A748002320D3013EC6B247FD1757
:1057B8003EC6B247E5FF83A7860A03A54800B3E7BC
:1057C800E70123A4F60A2AC4A247FD173EC4A2474C
:1057D800E5FF7D160583E31AC6FB4101828023207D
:1057E800F301C1B703C705001D48850555B7828079
:1057F8009376F503411199E29306000413750508A1
:105808003DCDB71800402148814517F5FF1F130506
:105818006588138FC80A856E056E2320CF015C4109
:105828003EC29247FD173EC29247E5FF83A7480A4A
:1058380003A7880AB5833367D70123A4E80A03239B
:10584800450013F717001AC08247FD173EC082476C
:10585800E5FF8581931777007D18DD8DFD166309B7
:105868000800C5FEB3D705012300F6004101828078
:105878002300B6000506FDDA8145214879BF3718AF
:105888000040938E150003C60500214717F5FF1F3A
:10589800130545809305C80A096E056385689377E3
:1058A8001600A9C78327880AB3E7C7012324F80A83
:1058B80023A015015C413EC6B247FD173EC6B2475C
:1058C800E5FF8327880AB3E767002324F80A5C41C9
:1058D8003EC4A247FD173EC4A247E5FF7D170582D7
:1058E800FD1601CBC1D693771600CDFF23A0C501C5
:1058F800C1B7ADDE03C60E002147850E4DB717E7C9
:10590800FF1F034737799376150063000722B717FF
:10591800004003A6870A096885683366060123A440
:10592800C70A23A6170B03A7870A3367170123A4FF
:10593800E70A6399066223A6070B37170040056636
:105948002326C70A8326870A9357150013F81700DA
:10595800D18E2324D70A630608648326870A09663A
:10596800D18E2324D70A3717004005682326070B52
:105978008326870A1356250093781600B3E6060196
:105988002324D70AB297638E085E8326870A09669E
:10599800D18E2324D70A3717004005662326C70A65
:1059A8008326870A1358350093781800D18E23244C
:1059B800D70AAA976383085C8326870A0966D18E6B
:1059C8002324D70A3717004005662326C70A8326EB
:1059D800870AC297858BD18E2324D70A638B0758F1
:1059E8008327870A8966D58F2324F70AB7170040CB
:1059F800056623A6C70A03A7870A0968518F23A447
:105A0800E70A23A6070B23A6C70A03A7870A97E670
:105A1800FF1F83C6A669518F23A4E70A83A8870AB4
:105A28003687B3E8080123A4170B23A6C70A83A85F
:105A3800870A33E6C80023A4C70A03A6870A336681
:105A4800060123A4C70A03A6070A79787D183376C6
:105A5800060123A0C70A8DC2371600401303C60AE1
:105A680085680568232003018327860A7D17B3E725
:105A780017012324F60A7DF7B7170040056623A609
:105A8800C70A03A8470A03A7870A054E1358D80070
:105A9800518F23A4E70A23A6C70A03A7470A83A8A6
:105AA800870A137818003183B3E8C80023A4170BBA
:105AB80023A6C70A83A8470A03A3870A098B93D892
:105AC800B80093F848003366C3003367170123A46E
:105AD800C70A336707016301C77F9307E7FFF59B91
:105AE80013861602638D075AB71700409385C70AB5
:105AF8008568056823A0050183A6870A7D16138596
:105B0800870AB3E6160123A4D70A6DF6896694C1FD
:105B180003A6070A1377F70F558E23A0C70A83A792
:105B2800870AD58F1CC13A85828037170040032623
:105B3800870A97E7FF1F9387E755896803A84700F7
:105B4800336616012324C70A056631712326C70A5E
:105B580042C10A477D173AC10A4765FF3716004018
:105B68000327860A03A8470085683367170123249B
:105B7800E60A42C31A477D173AC31A4765FF638C82
:105B88000640B716004003A7860A0966518F23A46A
:105B9800E60AD843B7160040056623A6C60A3AC5E2
:105BA8002A477D173AC52A4765FFB716004003A75D
:105BB800860AD04305683367070123A4E60A32C77B
:105BC8003A477D173AC73A4765FF1357150093764A
:105BD8001700638C063A371600408326860A096840
:105BE800B3E606012324D60AD443371600400568D5
:105BF8002326060B36C9CA46FD1636C9CA46E5FE2F
:105C0800371600408326860A03A847008568B3E64E
:105C180016012324D60A42CBDA46FD1636CBDA46DD
:105C2800E5FE9356250013F616003697630B0638E3
:105C3800371600408326860A0968B3E6060123243E
:105C4800D60AD4433716004005682326060B36CDFE
:105C5800EA46FD1636CDEA46E5FE371600408326AD
:105C6800860A03A847008568B3E616012324D60AE6
:105C780042CFFA46FD1636CFFA46E5FE13563500F2
:105C8800937616002A9763880632371800408326D1
:105C9800880A8968B3E616012324D80AD44337183A
:105CA800004085682326180B36D18A56FD1636D152
:105CB8008A56E5FE371800408326880A83A84700DD
:105CC8000563B3E666002324D80A46D39A56FD1620
:105CD80036D39A56E5FE3297058B6308072CB7161C
:105CE800004003A7860A0966518F23A4E60AD84311
:105CF800B7160040056623A6C60A3AD52A577D1767
:105D08003AD52A5765FFB716004003A7860AD0433D
:105D180005683367070123A4E60A32D73A577D1787
:105D28003AD73A5765FFD443371700400966232608
:105D3800C70A05662326C70A36D94A577D173AD9AE
:105D48004A5765FFB716004003A7860AD04305687F
:105D58003367070123A4E60A32DB5A577D173ADB7B
:105D68005A5765FF371700408326870A0968D043CA
:105D7800B3E606012324D70A85662326D70A32DD2F
:105D88006A577D173ADD6A5765FFB716004003A7C3
:105D9800860AD04305683367070123A4E60A32DF81
:105DA8007A577D173ADF7A5765FF37170040832601
:105DB800870A09667978D18E2324D70A0326070A29
:105DC8007D1897E6FF1F83C6662E337606012320CB
:105DD800C70A3686A1C237180040930EC80A056E56
:105DE8000563D84323A06E00BADC66577D17BADC7A
:105DF800665765FF0327880A83A847003367C701EA
:105E08002324E80AC6DE76577D17BADE765765FF83
:105E18007D1661FAD8433716004005682326060B1D
:105E2800BAD006577D17BAD0065765FF3716004017
:105E38000327460A0328860A03A3470085683368B0
:105E4800180135832324060B937817009AD2165627
:105E58007D16B2D2165765FFD8433716004005683D
:105E68002326060BBAD426567D16B2D4265765FFCC
:105E7800371700400326470A0328870A03A3470069
:105E8800056E3368C8012324070B35821377160083
:105E98009AD636567D16B2D6365665FE03A8470002
:105EA8003716004005632326660AC2D81316170062
:105EB80046587D18C2D8465765FF37180040032753
:105EC800480A0323880A03AE4700856E3363D3016B
:105ED80035832324680A058BF2DA56587D18C2DA0E
:105EE8005658E31C08FE0A07518F33671701054609
:105EF800630FC7229305E7FFF59913861602E1C9D8
:105F0800B71500401383C50A85680568D443232064
:105F1800030136C4A246FD1636C4A246E5FE83A692
:105F2800850AC843B3E6160123A4D50A2AC6B24691
:105F3800FD1636C6B246E5FE7D1669FAB71700406B
:105F4800096623A6C70A83A6070A1377F70F3A85B7
:105F5800D18E23A0D70A83A6870AD18E23A4D70A75
:105F68002961828003A7870A3368070123A4070BE6
:105F7800E9B289672326F70A95BC89662326D70ADA
:105F880091B489662326D70A39B4B7160040096642
:105F980023A6C60A91B93717004089662326D70A6F
:105FA800CDBE89662326D70A7DBA37170040896691
:105FB8002326D70A2DBBB7160040096823A6060B6F
:105FC800F1B9B7160040096623A6C60A9DB917E8B5
:105FD800FF1F0348B80D6306080013762500631DEC
:105FE800065AA1C2B7150040938EC50A056E05630F
:105FF800D04323A06E0032CC62467D1632CC624676
:1060080065FE03A6850A83A847003366C60123A454
:10601800C50A46CE72467D1632CE724665FEFD161C
:10602800E1FAB7160040896823A6160B03A6060AEC
:106038003366160123A0C60A63060804098939E1F4
:10604800B715004023A6160B130610021383C50AC2
:1060580085680568D4432320030136C8C246FD1667
:1060680036C8C246E5FE83A6850AC843B3E61601CC
:1060780023A4D50A2ACAD246FD1636CAD246E5FE58
:106088007D1669FAB716004083A7860A0966137752
:10609800F70FD18F23A4F60A3A852961828017E881
:1060A800FF1F0348B8006306080093772500639232
:1060B800074C8DC2371600401303C60A85688565EC
:1060C8002320B3008327860AFD16B3E7170123248C
:1060D800F60AFDF6B7170040896523A6B70A83A616
:1060E800070ACD8E23A0D70A63070802098905E5A8
:1060F8003716004023A6B70A930610021308C60AEB
:10610800056585652320B8008327860AFD16C98F93
:106118002324F60AE5FAB716004083A7860A09661B
:106128001377F70FD18F23A4F60A3A858280137765
:106138002500630E07323718004093080002014E0D
:1061480001439302C80A856F056FD84323A0E20173
:10615800BACC66477D17BACC664765FF0327480A5D
:106168000326880A83AE470035833366F601232465
:10617800C80A058BF6CE76467D16B2CE764665FE03
:10618800135E1E001316F701FD183A93336EC6010D
:10619800E39D08FAD8433716004005682326060B06
:1061A800BAC846477D17BAC8464765FF3716004044
:1061B8000327460A0328860A83A84700856E3368A2
:1061C800D80135832324060B058BC6CA56467D168F
:1061D800B2CA564665FE3347E300058B7D17659BBB
:1061E800210799C523A0C50197E6FF1F83C606ECC2
:1061F800A1C2B7150040138EC50A05638568D04350
:1062080023201E01B2C426467D16B2C4264665FE6A
:1062180003A6850A03A847003366660023A4C50AB7
:10622800C2C636467D16B2C6364665FEFD16E1FA8A
:10623800B7160040896523A6B60A03A6060A4D8E3E
:1062480023A0C60A1375050809C597E6FF1F23A7EB
:1062580006E417E6FF1F0346A6E421C6B71500406B
:10626800B7160040096523A6A60A1383C50A8568E0
:106278000568D4432320030136D4A256FD1636D42C
:10628800A256E5FE83A6850AC843B3E6160123A4F1
:10629800D50A2AD6B256FD1636D6B256E5FE7D1672
:1062A80069FAB716004083A7860A09663A85D18F2E
:1062B80023A4F60A2961828093772500F5CF371742
:1062C80000409308000201460143130FC70A856E78
:1062D800856223205F008327470A0328870A0582EF
:1062E800B583858B3368D801139EF7012324070BE8
:1062F800FD181308870A3E933366CE00E39B08FC1B
:106308002320DF010327470A832708003583334703
:10631800E300058BB3EED7017D17659B2320D801D9
:10632800210791C590C197E6FF1F83C626D88DC265
:10633800371600409308C60A0568856523A0B8008B
:106348008327860AFD16B3E707012324F60AFDF61C
:10635800B7170040096623A6C70A83A6070AD18E85
:1063680023A0D70A1375050809C597E7FF1F23A7B8
:1063780007D297E6FF1F83C6A6D28DC68965371652
:106388000040B717004023A6B70A1308C60A0565D8
:1063980085652320B8008327860AFD16C98F232424
:1063A800F60AE5FAB716004083A7860A09663A8511
:1063B800D18F23A4F60A82808DC237170040930834
:1063C800C70A0568056623A0C8008327870AFD1643
:1063D800B3E707012324F70AFDF6B7170040096859
:1063E80023A6070B03A7070A930600020146336793
:1063F800070123A0E70A9841896885651378170083
:106408006308080403A8870AFD163A96336818013A
:1064180023A4070B23A6B70A03A8870A05833368B2
:10642800B80023A4070BF9FA058A6312061CB717EC
:106438000040096723A6E70AB7170040056623A6A8
:10644800C70A83A6870A0547D18E23A4D70A19BF8E
:1064580023A6170B23A6B70A03A8870AFD163A96A0
:106468003368B80023A4070B0583C9FA75BFA1C216
:1064780037160040130EC60A05638568D8432320E3
:106488001E01BAC006477D17BAC0064765FF032735
:10649800860A03A84700336767002324E60AC2C2B6
:1064A80016477D17BAC2164765FFFD16E1FA37177A
:1064B800004089682326170B8326070A37160040F1
:1064C80013080002B3E616012320D70A98411303E4
:1064D800C60A8145096E056F856E93761700D9C681
:1064E8008326860AB3E6C6012324D60AD44323208A
:1064F800D30136DCE256FD1636DCE256E5FE83268D
:10650800860A83A84700B3E6E6012324D60A46DEB6
:10651800F256FD1636DEF256E5FE7D18BA9505836D
:10652800E31D08FA8589DDE93717004089662326C7
:10653800D70AD843B7160040056623A6C60A3AD834
:1065480042577D173AD8425765FFB716004003A750
:10655800860AD04385654D8F23A4E60A32DA52575E
:106568007D173ADA525765FF0547E9B92320C30179
:10657800B5BFB715004013061002138EC50A056390
:10658800856823201E0183A7850A7D16B3E7670067
:1065980023A4F50A7DF631BEB71800409305100212
:1065A800138FC80A856E056ED0432320CF0132D0E1
:1065B80002567D1632D0025665FE03A6880A03A34A
:1065C80047003366D60123A4C80A1AD212567D168C
:1065D80032D2125665FEFD15E1F921B4B716004016
:1065E80003A7860A0966518F23A4E60A99B73717C5
:1065F80000408327870A8966D58F2324F70A2DBD93
:10660800011126CC22CE4ACA137EF503B284631444
:106618000E00130E000493770504F9CF37170040D6
:106628008327870A8966D58F2324F70AF1731374A1
:10663800050817E3FF1F1303E3A537150040FD13F3
:1066480011668562856F1D49850583C8F5FFF28649
:106658000148611E130FC50AB30ED94093F71800FD
:10666800BDCB8327850AD18F2324F50A83274300CE
:106678002320FF013EC6B247FD173EC6B247E5FFDD
:106688008327450A0327850ABD83336757002324D8
:10669800E50A13F71700832743003EC4A247FD17F6
:1066A8003EC4A247E5FF93177700135818003387B5
:1066B800DE00FD1693D8180033E807016384C6038B
:1066C800D1FEB357E80019C02380F4007244E244B5
:1066D8005249056182808327850AB3F7770023240E
:1066E800F50A69B701E4E3110EF6CDB7238004017A
:1066F8008504E31B0EF4D9BFB7170040096723A62A
:10670800E70A2DB7B717004003A7870A896617E875
:10671800FF1F13082898558F8326480023A4E70AEB
:106728000567397123A6E70A36CAD247FD173ECA5C
:10673800D247E5FF371700408327870A832648009A
:106748000566D18F2324F70A36C8C247FD173EC80D
:10675800C247E5FF03274800B7170040896623A60C
:10676800D70A856623A6D70A3AC6B247FD173EC69A
:10677800B247E5FF371700408327870A832648007A
:106788000566D18F2324F70A36C4A247FD173EC4F5
:10679800A247E5FF83274800371700408566232670
:1067A800D70A3EC29247FD173EC29247E5FF371708
:1067B80000408327870A832648000566D18F232453
:1067C800F70A36C08247FD173EC08247E5FF17E744
:1067D800FF1F0347D78D21C3B71600409388C60A09
:1067E800056585658327480023A0B8003ECEF2479B
:1067F800FD173ECEF247E5FF83A7860A0326480029
:10680800C98F23A4F60A32CCE247FD173ECCE247F3
:10681800E5FF7D1761FB37160040FD450145930EE6
:10682800C60A056E05638327480023A06E003ED282
:106838009257FD173ED29257E5FF0327460A832653
:10684800860A832848009357F70033E7C6012324B4
:10685800E60A46D013F717008257FD173ED0825735
:10686800E5FF9317F701C98FFD1513D51700C5FD6F
:10687800B717004003A7870A096683264800518F87
:1068880023A4E70A056723A6E70A36DEF257FD17B1
:106898003EDEF257E5FF371700408327470A832675
:1068A800870A032648008565CD8E2324D70ABD8331
:1068B80013F7170032DCE257FD173EDCE257E5FF1D
:1068C800832648009317F7010566371700402326EB
:1068D800C70A5D8D36DAD257FD173EDAD257E5FF83
:1068E800371700408327870A832648000566D18F1B
:1068F8002324F70A36D8C257FD173ED8C257E5FFFA
:1069080003274800B7170040896623A6D70A85667B
:1069180023A6D70A3AD6B257FD173ED6B257E5FF97
:10692800371700408327870A832648000566D18FDA
:106938002324F70A36D4A257FD173ED4A257E5FF01
:1069480021618280B717004003A7870A096697D696
:10695800FF1F93862674518FD04223A4E70A056748
:10696800597123A6E70A32CAD247FD173ECAD24751
:10697800E5FF371700408327870AD0428565CD8F0A
:106988002324F70A32C8C247FD173EC8C247E5FFAD
:10699800D842B7170040096623A6C70A056623A68A
:1069A800C70A3AC6B247FD173EC6B247E5FF3717D2
:1069B80000408327870AD0428565CD8F2324F70AB4
:1069C80032C4A247FD173EC4A247E5FFDC42371791
:1069D800004005662326C70A3EC29247FD173EC2FD
:1069E8009247E5FF371700408327870AD04285651D
:1069F800CD8F2324F70A32C08247FD173EC0824755
:106A0800E5FF17D8FF1F0348986A42876300080408
:106A180037160040130EC60A05638568DC4223203A
:106A28001E013ECEF247FD173ECEF247E5FF832713
:106A3800860ACC42B3E767002324F60A2ECCE24745
:106A4800FD173ECCE247E5FF7D1769FBB71700400D
:106A580003A7870A71767D16718FD04223A4E70AAF
:106A6800056723A6E70A32DAD257FD173EDAD2576E
:106A7800E5FF371700408327870AD0428565CD8F09
:106A88002324F70A32D8C257FD173ED8C257E5FF6C
:106A9800DC423717004005662326C70A3ED6B257A0
:106AA800FD173ED6B257E5FF371700408327870A00
:106AB800D0428565CD8F2324F70A32D4A257FD171B
:106AC8003ED4A257E5FFDC4237170040056623266F
:106AD800C70A3ED29257FD173ED29257E5FF3717A5
:106AE80000408327870AD0428565CD8F2324F70A83
:106AF80032D08257FD173ED08257E5FF3717004046
:106B0800F17E7D46FD1E116F130EC70A0563856869
:106B1800937715006385071A8327870AB3E7E70188
:106B28002324F70ADC4223201E013EDEF257FD171C
:106B38003EDEF257E5FF8327870ACC42B3E76700BA
:106B48002324F70A2EDCE257FD173EDCE257E5FF67
:106B58007D16058155FE17D7FF1F03474755330795
:106B6800074185470589630CF71663110516B715A4
:106B7800004083A7850A71767D16F18F23A4F50A54
:106B8800DC423716004085652326B60ABEC2964702
:106B9800FD17BEC29647E5FF371600408327860AD1
:106BA800CC420565C98F2324F60AAEC08647FD1777
:106BB800BEC08647E5FF79171DCF371600409308FA
:106BC800C60A05680565DC4223A0A800BEC6B6470C
:106BD800FD17BEC6B647E5FF8327860ACC42B3E752
:106BE80007012324F60AAEC4A647FD17BEC4A6476C
:106BF800E5FF7D1769FBB717004003A7870A89657A
:106C0800D0424D8F23A4E70A056723A6E70AB2CA34
:106C1800D647FD17BECAD647E5FF3717004083277A
:106C2800870AD0428565CD8F2324F70AB2C8C647A4
:106C3800FD17BEC8C647E5FFDC42371700400566AA
:106C48002326C70ABED6B657FD17BED6B657E5FFE8
:106C5800371700408327870AD0428565CD8F2324C4
:106C6800F70AB2D4A657FD17BED4A657E5FFD842F7
:106C7800B7170040096623A6C70A056623A6C70AF0
:106C8800BAD29657FD17BED29657E5FF3717004080
:106C98008327870AD4420566D18F2324F70AB6D002
:106CA8008657FD17BED08657E5FF37170040832764
:106CB800870A9166D58F2324F70A65618280832726
:106CC800870AB3F7D7012324F70AA9BD371600406E
:106CD8008327860A9165CD8F2324F60A55B5B71701
:106CE800004003A7870A0966518F23A4E70A03A770
:106CF800870A31E171767D16718F23A4E70ADC4299
:106D08003717004005662326C70ABECEF647FD178B
:106D1800BECEF647E5FF371700408327870AD042E3
:106D28008565CD8F2324F70AB2CCE647FD17BECC84
:106D3800E647E5FF11B71166518F23A4E70AC1B7EB
:106D480017D7FF1F0347173597D7FF1F9387873438
:106D58006301071C371700408326870A8968056680
:106D6800B3E616012324D70A2326C70A0328870A6D
:106D780097D6FF1F83C6B633938586003368C8004D
:106D88002324070B2326C70A0328870A8605BE95EE
:106D98003368C8002324070B2326170B2326C70AAA
:106DA8000328870A83D545013368C8002324070BC5
:106DB8002326C70A0328870A3366C8002324C70A7C
:106DC8000326870A1168336606012324C70A8DC182
:106DD800371600401303C60A856805682320030197
:106DE8000327860AFD15336717012324E60AFDF5F4
:106DF8003387D7000346C7017D1631CEF1783717A0
:106E08000040FD188565116315A00328870A7D16C3
:106E18000581336868002324070B2326B70A032853
:106E2800870A3368B8002324070B15C613781500A2
:106E3800E31D08FC0328870A7D16058133781801AD
:106E48002324070B2326B70A0328870A3368B800C8
:106E58002324070B61FEC1068606B69783D7470130
:106E68000589638A073C631B0546371600400327DC
:106E7800860AF176FD16758F2324E60A3717004037
:106E880005662326C70A8326870AFD17D18E232481
:106E9800D70A8326870A1166D18E2324D70A99CF69
:106EA800B71600401385C60A8565056610C103A795
:106EB800860AFD174D8F23A4E60AEDFBB71700409D
:106EC80083A6870A09670566D98E23A4D70A23A64D
:106ED800C70A03A7870A518F23A4E70AB7170040F8
:106EE800056723A6E70A83A6870AD98E23A4D70AAB
:106EF800896623A6D70A23A6E70A83A6870A558F99
:106F080023A4E70A03A7870A9166558F23A4E70AF3
:106F18008280371700408326870A8965D043CD8E43
:106F28002324D70A85661D712326D70AB2C00647CF
:106F38007D17BAC0064765FFB716004003A7860A43
:106F4800D04385654D8F23A4E60AB2C216477D1744
:106F5800BAC2164765FFD843B7160040056623A690
:106F6800C60ABAC426477D17BAC4264765FFB716AE
:106F7800004003A7860AD04385654D8F23A4E60AFF
:106F8800B2C636477D17BAC6364765FFD4433717AA
:106F9800004009662326C70A05662326C70AB6C81D
:106FA80046477D17BAC8464765FFB716004003A78E
:106FB800860AD04385654D8F23A4E60AB2CA564790
:106FC8007D17BACA564765FFD843B716004005660D
:106FD80023A6C60ABACC66477D17BACC664765FFB2
:106FE800B716004003A7860AD04385654D8F23A4B2
:106FF800E60AB2CE76477D17BACE764765FF97D6B2
:10700800FF1F83C6D60AB71500401387860003A65C
:10701800850A06073E97035747011168336606013C
:1070280023A4C50A15CF138EC50A05638568D04306
:1070380023201E0132DC62567D1632DC625665FE64
:1070480003A6850A03A847003366660023A4C50A79
:1070580042DE72567D1632DE725665FE7D1761FB82
:107068003387D7000346C7017D1631CE3717004056
:1070780071787D18116F930EC70A056E05639375B5
:1070880015006385051E8325870AB3E5E5012324DA
:10709800B70ACC4323A06E002ED8C255FD152ED8B2
:1070A800C255E5FD8325870A83A84700B3E5C501D6
:1070B8002324B70A46DAD255FD152EDAD255E5FD56
:1070C8007D1605814DFEC1068606BE9603D746018C
:1070D80005896304071A63110522B715004083A6C2
:1070E800850A71767D16F18E23A4D50AD443371606
:1070F800004085652326B60A36D4A256FD1636D436
:10710800A256E5FE371600408326860ACC4305655D
:10711800C98E2324D60A2ED6B256FD1636D6B256B6
:10712800E5FE371600408326860A91657D17CD8EC9
:107138002324D60A0DCF9308C60A05680565D443EB
:1071480023A0A80036D08256FD1636D08256E5FE1A
:107158008326860ACC43B3E606012324D60A2ED218
:107168009256FD1636D29256E5FE7D1769FB371703
:1071780000408326870A8965D043CD8E2324D70A09
:1071880085662326D70A32CC62477D173ACC6247F8
:1071980065FFB716004003A7860AD04385654D8F63
:1071A80023A4E60A32CE72477D173ACE724765FFAE
:1071B800D843B7160040056623A6C60A3AC0024758
:1071C8007D173AC0024765FFB716004003A7860A35
:1071D800D04385654D8F23A4E60A32C212477D1736
:1071E8003AC2124765FFD443371700400966232681
:1071F800C70A05662326C70A36C422477D173AC43C
:10720800224765FFB716004003A7860AD043856763
:10721800D98F23A4F60A32C6B247FD173EC6B24735
:10722800E5FF371700408327870A9166D58F232407
:10723800F70A25618280B717004003A7870A896685
:10724800558F23A4E70A03A7870A55E1F176FD16AF
:10725800758F23A4E70AB7170040856623A6D70AC7
:1072680003A7870A558F23A4E70A8DB98325870AC0
:10727800B3F505012324B70A29BD37170040832633
:10728800870A0966D18E2324D70A8326870A31E123
:1072980071767D16F18E2324D70AD843B71600409D
:1072A800056623A6C60A3AC842477D173AC8424728
:1072B80065FFB716004003A7860AD04385654D8F42
:1072C80023A4E60A32CA52477D173ACA524765FFD5
:1072D800C5B51166D18E2324D70AC1B7B7160040A9
:1072E80003A7860A1166518F23A4E60A41BE916658
:1072F800558F23A4E70A85B7371600408326860AE8
:107308009165CD8E2324D60AD5B317D7FF1F03471F
:1073180077D8630D071AB717004003A7870A89684B
:1073280085663367170123A4E70A23A6D70A03A6AD
:10733800870A17D8FF1F034898D74287558E23A47A
:10734800C70A23A6170B23A6D70A03A6870A558EB2
:1073580023A4C70A23A6D70A03A6870AD18E23A483
:10736800D70A63020802B71600401383C60A856865
:1073780005662320C30083A7860A7D17B3E7170194
:1073880023A4F60A7DF793571500858B6393074A64
:10739800B716004083A7860A71777D17F98F23A453
:1073A800F60AB7170040856823A6170B03A6470AF5
:1073B80083A6870A135725003982B3E6160123A44A
:1073C800D70A058B937626006306076E03A7870AFC
:1073D8001166518F23A4E70AB7170040056323A657
:1073E800670A03A7470A83A8870A135635003D830F
:1073F800B3E8680023A4170B058A058B6303066AA4
:1074080003A6870A91683366160123A4C70AB7172B
:107418000040856823A6170B03A6470A03A3870A1B
:10742800054E3582118A33631301558E23A4670AEA
:10743800598E6308C65703A7870A8966558F23A400
:10744800E70A23A6170B03A7870AB368170123A423
:10745800170BB7170040056723A6E70A83A6870A14
:1074680013750508D98E23A4D70A896623A6D70AD7
:1074780023A6E70A83A6870A558F23A4E70A03A74A
:10748800870A9166558F23A4E70A09C597D7FF1F76
:1074980023A607C097D7FF1F83C787C01387F7FFA7
:1074A8009DC3B71600409388C60A05680565FD5553
:1074B80023A0A80083A7860A7D17B3E7070123A4A2
:1074C800F60AE317B7FE1375F60F828037170040E8
:1074D8008326870A97D7FF1F9387C7BB0968D043BE
:1074E800B3E606012324D70A856671712326D70AD5
:1074F80032CD6A477D173ACD6A4765FFB716004017
:1075080003A7860AD04305683367070123A4E60A60
:1075180032CF7A477D173ACF7A4765FFD44337177A
:10752800004009662326C70A05662326C70A36D1FE
:107538000A577D173AD10A5765FFB716004003A7C7
:10754800860AD04305683367070123A4E60A32D3C5
:107558001A577D173AD31A5765FFD843B716004014
:10756800056623A6C60A3AD52A577D173AD52A575B
:1075780065FFB716004003A7860AD043056833673E
:10758800070123A4E60A32D73A577D173AD73A5764
:1075980065FF17D8FF1F034898B1C2866301080426
:1075A80037160040930EC60A056E0563D84323A01C
:1075B8006E003AC94A477D173AC94A4765FF03270B
:1075C800860A83A847003367C7012324E60A46CB07
:1075D8005A477D173ACB5A4765FFFD16E1FA13570C
:1075E8001500058B630A074EB716004003A7860AE5
:1075F8001166518F23A4E60AD843B71600400566E2
:1076080023A6C60ABADC66577D17BADC665765FF3B
:10761800B716004003A7460A03A6860A83A84700B0
:107628000563336666003D8323A4C60A058BC6DE60
:10763800F658FD18C6DEF656E5FE93562500858AEF
:107648001316170063800648B716004003A7860A7A
:1076580091683367170123A4E60AD843B716004098
:10766800856823A6160B3AC10A477D173AC10A470F
:1076780065FF371700408326470A8328870A03A334
:107688004700056EB3E8C801BD822324170B858A1D
:107698001AC31A477D173AC31A4765FF13573500AF
:1076A800058B6305073EB718004003A7880A1163D6
:1076B8003367670023A4E80AD843B7180040056376
:1076C80023A6680A3AC52A477D173AC52A4765FF9F
:1076D800B718004003A7480A03A3880A03AE470067
:1076E800856E3363D3013D8323A4680A058B72C773
:1076F800BA48FD1846C7BA48E39C08FE0A07518FE6
:10770800D98E05476384E614371700400326870A95
:107718000968CC43336606012324C70A0566232675
:10772800C70AAED846577D17BAD8465765FF3716E9
:1077380000400327860ACC430568336707012324E2
:10774800E60AAEDA56577D17BADA565765FFD843B8
:107758003716004085652326B60A3AC842477D1782
:107768003AC8424765FF371600400327860ACC43CC
:107778000568336707012324E60A2ECA52477D1796
:107788003ACA524765FFD043371700408965232618
:10779800B70A85652326B70A32CC62477D173ACCEB
:1077A800624765FF371600400327860ACC43056801
:1077B800336707012324E60A2ECE72477D173ACE97
:1077C800724765FF371600400327860A91651375CF
:1077D80005084D8F2324E60A09C517D7FF1F232F55
:1077E800078A17D7FF1F0347A78B1306F7FF39CB65
:1077F800B71500401383C50A85680568D843232058
:1078080003013AC422477D173AC4224765FF03A7FC
:10781800850AC8433367170123A4E50A2AC63247F5
:107828007D173AC6324765FF1307F6FF01CE3A8641
:10783800F1B7371700408327870A9166D58F23242D
:10784800F70A85B613F5F60F4D6182801377250088
:10785800631E07288C4137170040717EFD487D1E46
:107868009162930FC70A056F856E13F615006304BE
:1078780006480326870A336656002324C70AD043DE
:1078880023A0DF01B2C006467D16B2C0064665FEDB
:107898000326870A03A347003366E6012324C70AA1
:1078A8009AC216467D16B2C2164665FEFD18858137
:1078B800E39D08FA17C7FF1F0347677F330807418F
:1078C80005478589630CE84A63970544B715004066
:1078D80003A7850A71767D16718F23A4E50AD8431C
:1078E8003716004085652326B60A3ADC62577D17AD
:1078F8003ADC625765FF371600400327860ACC43F7
:107908008568336717012324E60A2EDE72577D1730
:107918003ADE725765FF791863010804371600408C
:10792800130EC60A05638568D84323201E013AD87A
:1079380042577D173AD8425765FF0327860ACC433A
:10794800336767002324E60A2EDA52577D173ADA9E
:10795800525765FF7D18E31908FC371700400326C6
:10796800870A0968CC43336606012324C70A0566DB
:107978002326C70A2ED422577D173AD4225765FFEB
:10798800371600400327860ACC430568336707018A
:107998002324E60A2ED632577D173AD6325765FF8A
:1079A8007DB39377250063970728717394417D47CA
:1079B800B71700407D138565116E15A083A8870A47
:1079C8007D178582B3E8C80123A4170B23A6B70A3D
:1079D80083A8870AB3E8B80023A4170B15C793F840
:1079E8001600E39D08FC83A8870A7D178582B3F8F3
:1079F800680023A4170B23A6B70A83A8870AB3E84D
:107A0800B80023A4170B61FF97C7FF1F83C7276A16
:107A1800338807418547858A630FF83A6394062EB1
:107A2800B716004083A7860A71777D17F98F23A4BC
:107A3800F60AB7170040856623A6D70A03A7870A60
:107A48007918558F23A4E70A630108023717004005
:107A58009308C70A856523A0D8008327870A7D185D
:107A6800CD8F2324F70AE31808FEB717004083A632
:107A7800870A09678565D98E23A4D70A23A6B70A7A
:107A880003A7870A4D8F23A4E70AE1B23713004002
:107A98000327830AF178FD18337717012324E30AB3
:107AA80021B903A6870AF178FD183376160123A4B5
:107AB800C70AB1BA03A7870A71767D16718F23A406
:107AC800E70A19BAB718004003A7880AF176FD1625
:107AD800758F23A4E80A51B6371600400327860A93
:107AE800F176FD16758F2324E60A39B6B7180040DB
:107AF8007D43014E9382C80A856F056FD84323A042
:107B0800E201BAD426567D16B2D4265765FF03A7DC
:107B1800480A03A6880A83AE47003D833366F60108
:107B280023A4C80A058BF6D636567D16B2D6365625
:107B380065FE7E073367C7017D13135E1700E31FD9
:107B480003FA17C7FF1F034787563308074105473E
:107B5800630CE81CD8433716004085682326160BAB
:107B6800BAD006577D17BAD0065765FF37160040BA
:107B78000327460A8328860A03A34700856EB3E8CD
:107B8800D8013D832324160B058B9AD216567D16F1
:107B9800B2D2165665FE791863020804B718004079
:107BA800938FC80A056F856ED04323A0DF01B2CC3E
:107BB80066467D16B2CC664665FE03A6880A03A310
:107BC80047003366E60123A4C80A9ACE76467D1696
:107BD800B2CE764665FE7D18E31808FC37160040DD
:107BE8000328860A096383A84700336868002324AA
:107BF800060B05682326060BC6C846467D16B2C87E
:107C0800464665FE371800400326880A83A84700C1
:107C18000563336666002324C80AC6CA56467D161D
:107C2800B2CA564665FEE38405B27E073367C701CC
:107C380098C131BE37170040FD480143130EC70AEB
:107C4800056F856E2320DE018327470A8326870A6E
:107C5800FD18BD83B3E6E601FE07B3E767002324FA
:107C6800D70A930F870A9306470A13D31700E39B93
:107C780008FC17C7FF1F0347874333080741854799
:107C88006306F8182320EE019C4203A70F00791819
:107C9800BD833367E70123A0EF00858B63030802E8
:107CA800B7160040938EC60A056E856823A01E018C
:107CB80003A7860A7D183367C70123A4E60AE317DA
:107CC80008FE371700400328870A896685683368E5
:107CD800D8002324070B2326170B8326870AB3E62D
:107CE80016012324D70A638605F6FE07B3E7670063
:107CF8009CC16FF00FF60326870A3376C60123244A
:107D0800C70AB5BE371700408327870A9166D58F03
:107D18002324F70A39BB371600400327860A9165E2
:107D28004D8F2324E60A65BE371700400326870ACD
:107D3800896803A84700336616012324C70A056625
:107D48002326C70AC2C426477D17BAC4264765FF3B
:107D5800371600400327460A0328860A83A84700E7
:107D68000563336868003D832324060B058BC6C66C
:107D780036467D16B2C6364665FE75B537170040DD
:107D88000326870A0968336606012324C70A0326DF
:107D9800870AD9CD91654D8E2324C70AD843371653
:107DA800004085652326B60A3AD002577D173AD097
:107DB800025765FF371600400327860ACC4305683B
:107DC800336707012324E60A2ED212577D173AD2C9
:107DD800125765FFADBAB717004003A7870A896530
:107DE8004D8F23A4E70A03A7870AA9CA9166558F6E
:107DF80023A4E70AB7170040856623A6D70A03A776
:107E0800870A558F23A4E70A6FF0AFE483A70F0012
:107E18000967D98F23A0FF002320EE019C4203A706
:107E28000F00BD833367E701858B23A0EF0065BD95
:107E3800F175FD156D8E2324C70A8DB7F176FD16F1
:107E4800758F23A4E70A7DB78347050041650505BB
:107E58002380F5008280FD5705C199CD0547637DD4
:107E6800C7001307F6FF798E01EA232005002322B5
:107E7800050018C54CC581473E858280011122CC7A
:107E880026CA404104451C414AC8269405044EC6EA
:107E980006CE1D8C2A89AE89637386003284E58FED
:107EA80085049D8C63739400A2840325C9002686EB
:107EB800CE853E95EF50C07E0325C9003306944019
:107EC800B3859900EF50C07D832709002285F240D1
:107ED800A29762442320F900D2444249B24905617D
:107EE8008280411126C25C4104414AC006C622C4B0
:107EF8009D8C2A892E8763739600B2840324890097
:107F0800E18F05041D8C63F3840026848325C90052
:107F180022863A85BE95EF50A0788325C90033861E
:107F280084402295EF50C077B2402244268502490A
:107F3800924441018280411122C406C62A845537E1
:107F48005C40B240AA975CC0224441018280011182
:107F580026CA9304C0234EC6B30495029309F008B9
:107F680056C297CAFF1F938A2A1722CC4AC852C4FE
:107F78005AC006CE2A89B30935032E8A328B0144AA
:107F8800D69483C74417636CF400F2406244D24429
:107F98004249B249224A924A024B05618280B3871C
:107FA8008900938787048A07D697DC4363030B020B
:107FB80089CFD84719CB83462B0083C7870163969F
:107FC800F6005A86D2854A85029705041374F40F81
:107FD8004DBFE5DFDC47F5DB0146D2854A85829750
:107FE800EDB783C6550003C7450083C72500A20621
:107FF800D98E41111397870113F8F67F06C6AD860F
:1080080061878D8A17C6FF1F1306060D635907027D
:1080180013F7F707B1473307F7029307C023B307EE
:10802800F5023E97B307E600239D0717A38CD716E2
:10803800EF00D07FB24013351500410182803147EF
:10804800B387E7021307C0233307E502BA97B2974D
:10805800239D071DA38CD71CE1BF9307C0233307BB
:10806800F50297C7FF1F93872707BA979847D44702
:108078003297918E98C7D4C73A8681EA03C74701D9
:1080880009CB238A070081460146930500086F1033
:10809800A00A03D7670011CB8387070063D70700BF
:1080A8008146014681456F10A01582805D71A2C48A
:1080B800A6C2CAC04EDE86C652DC56DA5AD85ED68A
:1080C80062D466D26AD06ECE03CA050013070002D6
:1080D8002A8493770A06AE89B28436896383E75E79
:1080E80013070004638BE76699EB137A3A00854619
:1080F8006306DA3A63070A0089476301FA5681443E
:1081080085A603C71900A54783D52500E3E9E7FE3F
:10811800177600001306460C93162700B2969C4269
:10812800B29782871307C0233307E5029C40238058
:10813800070097C7FF1F938727FA3E970347E71162
:1081480001CB944003C70600136717002380E6009D
:108158001307C0233304E402A29783C7071281CB15
:1081680098408347070093E727002300F7009C40C7
:10817800A380070089478DA285476395F5028D4640
:1081880097C7FF1F938747F56311D7021307C023CB
:108198003307E502BA972380B71283A78723A5453B
:1081A8002285829723200900BDA11307C023330726
:1081B800E502A945BA972380071283A78723CDB77D
:1081C8009307C0233307F50297C7FF1F9387C7F0AC
:1081D80093F5F50FBA97A38EB710EF001063D9B7D0
:1081E80093D78500FD1793F7F70F3947E369F7F041
:1081F800177700001307C7008A07BA979C43BA97F6
:108208008287EF0070629307C023B307F40217C494
:10821800FF1F130464EC3E941C4C2301A4129C43DE
:108228008297E30E05EC8347050099A09307C023C6
:10823800B307F50217C4FF1F130404EA3E941C4C4D
:1082480003452412DC438297E30B05EA8347350094
:1082580003472500A207D98F034775001987058BA7
:10826800230FE410034775001587058BA30FE4104F
:1082780088C09DA09307C023B307F50217C4FF1F4A
:10828800130484E593F9F50F1307E00E3E941C4C94
:108298006397E900DC4BE38407E6884369B7034545
:1082A80024129C4BCE8582972A84E30A05E46398BE
:1082B80009029C4011472380E7009C400D47A3809A
:1082C800E7009C40034705002381E7009C400347E3
:1082D8001500A381E70091472320F9002DAEEF5048
:1082E800C05942054181930715008607C207C1831B
:1082F80013070010E365F7E098408D462300F70068
:108308009840A300D7008946014713160701418208
:10831800E374A6FC9040B305E40083C505003696D7
:1083280005072300B60090403696A300060089068C
:10833800E9BF9307C023B307F50217C4FF1F13044F
:10834800A4D93E941C4C03452412DC478297E308C9
:1083580005DA8347350003472500A207D98F09BFEF
:108368009307C023B307F50217C4FF1F1304C4D62D
:108378003E941C4C9C53E38407D88843DC43CDBD12
:108388009307C023B307F50217C4FF1F1304C4D40F
:1083980098403E948347C4112300F70085472DBFBA
:1083A80093F7F50F97CCFF1F938C0CD391EB130A1F
:1083B800C02333044503338A8C00230E0A10DDB32F
:1083C8009307C023B307F50293F9F50F014B814AD0
:1083D8008144930BF00F130CF00F114D954DE69758
:1083E800984F03C52712584302972A8A094783479B
:1083F8000A00A1C383471A006384A7096385B709E4
:10840800639FE700834B5A00639B7901834A3A00D4
:1084180083472A00014BA20AB3EAFA00854483473E
:108428000A003E9A83470A003E9BE3625BFDE380B5
:108438000AFC638504289307C023B307F4020146A6
:108448009D452285BE9C238E3C11A3800C12EFF023
:108458001FB083A78C239D4522858297232009007E
:10846800B6402644268506499644F259625AD25A9D
:10847800425BB25B225C925C025DF24D616182807C
:10848800034C3A0069BFE39C79F9E31A0CF8D285EA
:108498002285EFF01FB5AA84094751B71307C023F7
:1084A8003307E50217C6FF1F130606C383DA250044
:1084B80083DB4500330BE60083278B0103452B1232
:1084C800DC4382978347CB11E38B07C203C71900AC
:1084D800994693F8FB0F630AD70863E8E600E310B0
:1084E80007C29C402380070059B1A947630CF710C5
:1084F800AD47E316F7C003D72900B3071B010345AF
:108508002B122382E71683278B0103CC490083CAE9
:108518002900DC43014A81498297AA84130BF00F92
:10852800930BF00F814C114D954D094783C70400FB
:108538006388071083C714006381A70F6389B70F87
:10854800639AE70083C9340083C72400014AA2095B
:10855800B3E9F90083C70400BE9483C704003E9AB8
:10856800E3663AFDE38409FCE1A813D78A00930780
:108578001002631FF7041308F00F014781471146E3
:1085880013031002094E05A8834615006389C60225
:10859800638A66026399C60183473500034725004D
:1085A800A207D98F01472E95834605003697636445
:1085B800F700E39607B483450500F9F589B6034843
:1085C8002500D5B7E39108FF88C08347050029B384
:1085D80093072002E315F7B283474B175A860147E2
:1085E800E30FF7B08326461289CA83C586016396CE
:1085F80015019C4A9CC0DC4AC5B105071377F70FE3
:108608001106F9BF33061B019440834746162380A1
:10861800F600232049018544A1B503CB240083CB70
:108628003400E3196CF3E3977AF3A68C25B7E313C8
:108638006CF3639D0A0083C524002285EF00F024B3
:108648006686A1452285EFF09F90A9BEE3947AF152
:10865800A6852285EFF0FF980947EDBD9307C02353
:108668003307F50297C7FF1F938707A7BA9783C7F2
:10867800C711E38607A883C7190083C54500638926
:10868800D70291CB0D47E39CE7A683D729009DE746
:10869800EF00502201BE1306F100EF00B029034796
:1086A800F1009C40E30007E405472380E700C1B4DC
:1086B80083D7290081E7EF00D023B1BF2320090029
:1086C8003DBC137A3A008547631CFA049307C0231C
:1086D8003307F50297C7FF1F938707A0BA9703C60A
:1086E80047170147E30DC7A083A647128DC603A805
:1086F80006006302080283C5860183C64900639C9D
:10870800D5002686CA86CE85228502981345F5FFB0
:108718009354F501B1B305071377F70F9107D9B74C
:108728008947E31EFA9C9307C0233307F50297C7CE
:10873800FF1F9387679ABA9703C647170147E30055
:10874800C79C83A6471289C603A84600E31B08FAFC
:1087580005071377F70F9107DDB79307C023B30712
:10876800F50297C6FF1F93862697B68BB697984F44
:108778005C4BB9C703C6150083C647006316D60607
:1087880003D745009146630CD7009546E319D79661
:1087980003D72500DC470A07BA97984311A09847E2
:1087A8008347170083460700A207B697834627002A
:1087B800C206B69783463700E206B69798C029BE28
:1087C8001C4F9DC303C6150083C66700631ED600F1
:1087D80083D645001D47E394E69203D747009C43A0
:1087E8009CC02320E90005BD504F59C203C719009A
:1087F80083470600014A631EF70603D749008947E5
:10880800E31FF78E0347660083475600834626001A
:1088180022075D8F83477600A206C2075D8F8347D4
:108828008600E207D98F03471600D98E0347360022
:108838004207D98E034746006207558F41B7B307F1
:108848004B01938787048A07DE97DC4389EB050A87
:10885800137AFA0F83C74A17E363FAFE4DB09C47B1
:10886800FDD7CA862686CE85228582976DF165B3A7
:10887800014A930AC023B30A5403130BF008DE9A83
:10888800330B6403C1BF25CE9307C023B307F5029A
:1088980017C8FF1F13084884411122C406C62A843A
:1088A800B305F8009845D4453297918E98C5D4C53C
:1088B800A1E21387C701938607014297A10798C5CC
:1088C800C2963306F800EFF06FFE09E922852244CC
:1088D800B2409305000841016F00C07D2285224403
:1088E800B240814601469305000841016F00D0045B
:1088F8002244B2403A86814541016F00701082805F
:108908000111814506CE22CC26CA2A849304C023AD
:10891800ED2DB307940297B4FF1F9384E47B2C00DA
:10892800228523070100BE94B707800093877750FC
:108938003EC4239E041093070004238104122316C7
:10894800F100ED252C00228523050100C52522858F
:1089580001468545EFF0AFDF83A78423228585454F
:108968008297F2406244D2440561828001114AC86C
:108978001309C0233309250322CC17B4FF1F13049E
:10898800A47526CA2146AA8406CE330724013A854F
:10899800EF40105183566500930700102A8763F053
:1089A800D7028307050063CC0700930500082685D6
:1089B8001127F2406244D2444249056182809307FC
:1089C800C023B387F4021306C901229632C6A297C0
:1089D80090C7D4C794CB238A070091CA838707001E
:1089E80063C7070081452685EF009001D9B7930634
:1089F8000901A2967000BA852685EFF02FEB55D5B0
:108A08009307C023B387F402A297984B83D66700D5
:108A18006373D700BA869307C023B387F40213079A
:108A28000010A297D4C7E362D7F88847B247631902
:108A3800F5029307C023B387F4029305000826853F
:108A48003E9454441044CD2D1C4803576400E3F26F
:108A5800E7F693F7F703B1FF8547230AF40091BFC0
:108A68003346F5000D8A41C2E9D613F73700631D76
:108A780007103E862A87B388D7003D48B385C8408B
:108A8800636CB81013D6460093154600AE973307AB
:108A9800B500C1553306B6023E850D48B296B38877
:108AA800D7003A86B385A8406366B81613D6260061
:108AB800F155131526003306B602B2960146E38A2D
:108AC800C6F6B305C5003388B70003080800BA9591
:108AD800050623800501E5B785070387F7FF050528
:108AE800FD16A30FE5FE137735003DCFF5F691B7D8
:108AF800032806004106C10523A805FF032846FFF1
:108B080023AA05FF032886FF23AC05FF0328C6FF19
:108B180023AE05FF3388C840E36C07FD13D6460033
:108B2800C155131746003306B602BA978D452A97E2
:108B3800B29601463385C64063EEA50213D62600D9
:108B4800F155131526003306B602B2960146E382A4
:108B5800C6EEB305A6003388B70003080800BA9527
:108B6800050623800501E5B73E86AA85B388D700A8
:108B78003D474DB73385C700032805003305C700B7
:108B88001106232005017DB785070387F7FF050533
:108B9800FD16A30FE5FEC9BD0C424106410713D3DC
:108BA80085002308B7FEA30867FE13D30501E181FA
:108BB800230967FEA309B7FE832546FF13D3850063
:108BC800230AB7FEA30A67FE13D30501E181230B2D
:108BD80067FEA30BB7FE832586FF13D38500230CFE
:108BE800B7FEA30C67FE13D30501E181230D67FED1
:108BF800A30DB7FE8325C6FF13D38500230EB7FE4A
:108C0800A30E67FE13D30501E181230F67FEA30FAF
:108C1800B7FEADB511058325C5FF110613D3850031
:108C2800230EB6FEA30E66FE13D30501E181230FC2
:108C380066FEA30FB6FEBDB5314793F7F507B387B8
:108C4800E7021307C0233307E502BA9717B7FF1FD8
:108C580013078748BA9703A307186303030002831F
:108C68008280314793F7F507B387E7021307C023DC
:108C78003307E502BA9717B7FF1F1307E745BA97F7
:108C880003A3071E63030300028382809307C023A4
:108C98003305F50297B7FF1F93870744411122C494
:108CA8001306C0232E84814506C6AA973E85EF8009
:108CB8005FF7130700F8230CE516230A0516230CA3
:108CC800051C00CD17F7FFFF13076739B240224490
:108CD8002320E51817070000130727BB2320E51EEC
:108CE800410182809307C023B307F5021306F008F9
:108CF80097B6FF1F9386463E3305C502B69703C74E
:108D08004717238CE5003A95130585040A0536951F
:108D180005074CC1238AE716828003C70500D041A6
:108D280097B7FF1F9387473B93168701E18663D266
:108D38000602B1459376F707B386B6029305C023BA
:108D48003305B5023695AA97238CE71623A0C718D2
:108D58008280B1469305C023B306D7023305B50216
:108D68003695AA97238CE71C23A0C71E82809307F9
:108D7800C0233305F50297B7FF1F9387E735AA97F6
:108D880003C5C7113335A000828011C101A041116C
:108D980006C622C423A4B18A97B7FF1F23AAC756C1
:108DA800E5282A840146AD450145EFF04F9A97B76B
:108DB800FF1F9387673283A787230145AD458297B5
:108DC8002285B240224441018280970700009387A0
:108DD80007029CC123A2050023A4050023A60500C1
:108DE8002E858280828082808280797122D406D604
:108DF80026D24AD083C7150013071002328483C4D1
:108E08004500638DE7062A89636DF70013070002A2
:108E18006384E7027D55B250225492540259456149
:108E2800828013072002638AE70213073002E39364
:108E3800E7FEA685553F05A083C7750003C66500F4
:108E48000C40A2075D8E2808EF4090053008A685E3
:108E58004A85EF902F9B01457DBF03C4350003C6AB
:108E68002500A6852204518C13761400A53F1356BD
:108E78001400058AA6854A85BD37F1BF3008A68546
:108E880036C6EF90AF9C08401D462C08EF405001B5
:108E9800B2469D479CC2C1B7411106C697C7FF1F7E
:108EA8009387478397B6FF1F9386C65694D397B682
:108EB800FF1F9386265E94DF97B6FF1F938686650D
:108EC800B4CB97B6FF1F9386E64CB4D797B6FF1F6F
:108ED8009386464823A4D71297B6FF1F9386866BBE
:108EE80023A0D70897B6FF1F9386C67217B7FF1F30
:108EF8001307474223ACD70897B8FF1F9388884DBC
:108F080017B8FF1F1308085517B5FF1F1305855C11
:108F180097B5FF1F9385056417B6FF1F1306866B69
:108F280097B6FF1F9386067317B3FF1F1303837645
:108F380098C723A4E70C23A0170F23AC070F23A877
:108F4800A71023A0B71423ACC71423A8670A23A823
:108F5800D716B7870040238007001303C0FC238679
:108F68006700A386670042071303F003238767009F
:108F78004183C2082398E70093D808014208239A3E
:108F88001701135808014205239C07014181C205B6
:108F9800239EA700C1814206239AB7044182C206D4
:108FA800239CC704C182239ED704A946694723810D
:108FB800D7022383E7022385E7022387E702238971
:108FC800D7022383E7062385E7062387E706A381DD
:108FD8000700130790022380E700B716004003D765
:108FE800A6011367070C239DE6007D572383E7003E
:108FF800130710F8A380E7001D472381E700EF90CF
:109008006FBAB24001454101828089E93787004043
:109018008347370093F70708A301F70097B7FF1FA7
:10902800238AB76A014582800945828083C7250063
:109038007D5593F6870713F7F7079DEA03C63500B2
:1090480093968701E18603C545000D8A97B7FF1FF0
:109058009387476863DF0600E1463307D702BA976C
:1090680005472386E7002382A700A382C70001459E
:109078008280E1463307D702BA9705472386E70C73
:109088002382A70CA382C70CDDB713F7F507E146C7
:109098003307D702E20597B7FF1F9387A763E185D8
:1090A800BA9763D605002386070001458280238688
:1090B800070CE5BF13F7F5079547B357F702930673
:1090C80000030A07E205E185B387D702BA97378715
:1090D800004013072702BA9703C7070063C80500B3
:1090E8001367C7002380E7000145828013673700B4
:1090F800D5BF13F7F5079547B357F7029306000353
:109108000A07E205E185B387D702BA973787004097
:1091180013072702BA9703C7070063C80500137728
:1091280037072380E700014582801377C70B136751
:109138002700C5BF0145828013F7F50719E27D5561
:10914800DDEEE147B307F702011126CA97B4FF1F06
:109158009384445806CE22CC4AC84EC67955A69761
:1091680083C5C700B1C9937536007555B1E5154477
:10917800335487029305000390CBD4CB23AC07006C
:109188003304B402931527002E94B78500409389C1
:10919800050293852502A2992E9495E6238009005D
:1091A80003C7570085476305F7048347040093F70F
:1091B800C70F2300F4000145F2406244D2444249FB
:1091C800B2490561828003C9470063F326013689E5
:1091D800E1473307F702B2854A861379F90FBA9443
:1091E8008844EF40E04B2380290103C754005DBF4A
:1091F8008347040093F7C70F93E717005DBF82808A
:1092080093F5F50719E27D55ADE26147B387E502AD
:1092180017B7FF1F1307074C79553E978347C70CAD
:10922800A9C7937736007555A9E39547B3D7F502D3
:10923800232AD70C930600038A052328C70C232C5E
:10924800070C0347570CB387D702AE97B785004082
:1092580093852502BE958547630AF70083C70500F5
:1092680093F7370F2380F5000145828083C70500F7
:1092780093F7370F93E74700F5B7184183A785FFA2
:109288006319B7001CC1FD5723AC05FE238FF5FEFB
:109298008280232CF6FEC5BF411122C437E400E0CA
:1092A80026C204403707200006C6F98C2320E4189C
:1092B8000F10000009E9232094101545B2402244FC
:1092C8009244410182800347E5FF9307F00F63064C
:1092D800F700232094101145D5B79780FF1FE7802A
:1092E8008078014523209410D1BF0111B7E700E031
:1092F8004AC803A907004EC63707200006CE22CC6D
:1093080026CAAA893379E90023A0E7180F100000BC
:1093180097B7FF1F9387C75480438144014611E4E0
:1093280091E8A1654E85852605A08347E4FF6399EA
:10933800370385CCA68517B5FF1F13056552353F42
:109348006DD0A1654E858122F2406244B7E700E006
:1093580023A0271126854249D244B249056182805B
:1093680091E02286032484FF5DBFA284E5BF97B7FE
:10937800FF1F23A7074E828097B7FF1F9387C75306
:109388009C4399E33E85828003D727006316B70084
:1093980003C70700E308A7FEDC47E5B7A5C101112D
:1093A80006CE22CC26CA8147C14633D7F540058B65
:1093B80029C312053E9531473305E50217B7FF1F4C
:1093C8001307C753044305443314F4002EC642045C
:1093D8004180AA949C40C8408297B24523A00400CB
:1093E80023A20400A18DF2406244D2442E85056177
:1093F80082808507E39BD7FA0144EDB72E858280EA
:10940800C9C1797122D406D626D24AD04ECE01449B
:109418004147B3D78540858BA5C3120531472295AF
:109428003305E50297B7FF1F9387474D03A9070048
:109438008544B3948400C204C180BE892A99032755
:10944800090011C7032549002EC60297B2453147C6
:109458003304E40283A709003E941C4489E72320CF
:10946800090023220900B2502254A58D02599254B2
:10947800F2492E85456182800504E31CE4F88144A5
:10948800DDB72E858280B7E700E09843B706200055
:1094980023A0D718758F0F10000097B6FF1F83C63B
:1094A800763C6373D50217B6FF1F1306A6409316C2
:1094B80015000842369583560500D58D2310B50052
:1094C80023A0E7100145828023A0E7100D45828084
:1094D800B7E700E09843B706200023A0D718758F98
:1094E8000F10000097B6FF1F83C6D6376375D502E5
:1094F80017B6FF1F1306063C93161500084293C5BE
:10950800F5FF369583560500F58D2310B50023A089
:10951800E7100145828023A0E7100D45828079710C
:109528004AD037E900E026D283240900B707200093
:1095380006D622D44ECE52CC56CA5AC85EC6FD8C28
:109548002320F9180F10000097B7FF1F83C7973122
:10955800637AF50097B7FF1F9387873583AB0700BA
:1095680063970B00B7E700E023A09710A9A017BBEB
:10957800FF1F130B6B39832A4B00B74736FE9387BF
:1095880007C82E8A97B5FF1F83D58538BE9AB3873B
:10959800C5022A84B2898146B3B5C502138507324C
:1095A800B337F50013060064BE95EF30905363F0AF
:1095B800AA02232099100145B2502254925402590C
:1095C800F249624AD24A424BB24B45618280829B41
:1095D80097B5FF1F83D5C533B38735032A8913068B
:1095E80000648146B3B5350313850732B337F500F8
:1095F800BE95EF30104FB30725013E8903274B0076
:1096080063E4A70063E4E7003389E740D285228555
:10961800A53309C923242501B7E700E023A0971043
:10962800054559BF936504F0C205C181414597803E
:10963800FF1FE780203419E997B7FF1F9387072892
:109648009C5B8DD3A2851145829729BF97B7FF1FD1
:10965800938787269C4385E797B7FF1F23AEA724E8
:1096680085472326050023242501231145012300CE
:109678008500A300F5002322050079BFBA87D847E3
:1096880075FFC8C7F1BF0111B7E700E04AC803A9D1
:10969800070022CC4EC63707200006CE26CAAA8964
:1096A8002E843379E90023A0E7180F100000EFF0AB
:1096B800BFCCAA8419C123110500A2854E85093D96
:1096C80097B7FF1F83C7071A639B370197B7FF1F19
:1096D80083D7C71D5D8C97B7FF1F2399871CB7E7F2
:1096E80000E023A02711014591E01945F2406244AA
:1096F800D2444249B24905618280411122C426C23E
:1097080017B4FF1F1304442097B4FF1F93848415D4
:109718009448584097B7FF1F9387871906C69C43FC
:109728006392E60882975440B74736FE938707C886
:10973800B6973387A7003A856364F7006364D70058
:109748003305D74097B4FF1F9384C41DDC5081CFE5
:1097580097B7FF1F9387C72494433707CDFF7D171B
:109768009C46F98F9CC611E1484097B7FF1F938725
:10977800E714DC53829711E5DC5085C3EF00F03D18
:10978800292DDC5099CB97B7FF1F93876721984302
:10979800B70633001C47D58F1CC7B24022449244F9
:1097A80041018280829794485840B387A6003E853D
:1097B80063E4D700E3E8E7F83385E74061B7411190
:1097C80006C697B7FF1F23AFA7120295B24097B7F7
:1097D800FF1F23A5A70A014541018280994763E934
:1097E800B7008A0597B7FF1F9387870ABE9588C178
:1097F800828097B7FF1F23A5A71011C5854717B704
:10980800FF1F2306F70A828041117146814517B56B
:10981800FF1F1305E50706C697B7FF1F23AE070806
:1098280097B7FF1F23A0070E97B7FF1F23A20708AC
:1098380097B7FF1F238D070697B7FF1F23A2070CB3
:109848009770FF1FE780806013068002814517B577
:10985800FF1F130525019770FF1FE780205FEF307A
:10986800403797B7FF1F9387670503C5C70383C7AB
:10987800D70385453E958D473305F50239051375A0
:10988800F50F97B7FF1F2380A7FE99473305F50209
:10989800130505249780FF1FE780C00D17B7FF1F2A
:1098A800232EA70459CD994717B6FF1F0346A6FBD9
:1098B8003306F6028145130606249770FF1FE780DA
:1098C800E05897B7FF1F938767039C439387072444
:1098D80017B7FF1F232CF7FA17B7FF1F0347A7F87F
:1098E8000A07BA9717B7FF1F2326F7FCEFF03FA820
:1098F800ED2697B7FF1F938767F9944397B7FF1F24
:1099080083C757F6139727003697170600001306E4
:1099180066AF10C3138717001377F70F0A07369738
:10992800170600001306C6A710C313873700890758
:1099380093F7F70F8A0797B5FF1FA385E5F2B69748
:1099480090C3B2404101828097B7FF1F83C797F148
:1099580017B7FF1F034727F163F3E70217B7FF1F86
:109968001307C7F218439386170017B6FF1FA30BF8
:10997800D6EE93962700369708C33E8582809307D4
:10998800F00FE5BF1C416385071641777D8FB70649
:1099980000208947631FD71403574500630B07143A
:1099A800411122C419462A849305F00F610506C6A1
:1099B8009770FF1FE780805105478D476305E512C3
:1099C8001C4481CB58589947630F0710185C630CE7
:1099D800071013060004814517B5FF1F130505EE90
:1099E8009770FF1FE780804613060004A28517B50D
:1099F800FF1F1305A5EC9770FF1FE780404197B73D
:109A0800FF1F83D767EC17B7FF1F130727EB99E7EB
:109A18009307001097B6FF1F2398F6EA97B7FF1F22
:109A280083C7A7EA91E7854797B6FF1F238FF6E814
:109A380097B7FF1F83D787E991E7ED4797B6FF1FD1
:109A48002396F6E897B7FF1F83C737E891E795474E
:109A580097B6FF1FA38BF6E697B7FF1F83C727E7C5
:109A680091E7854797B6FF1F2383F6E697B7FF1F51
:109A780083C7F7E599E78347F70097B6FF1FA388E1
:109A8800F6E497B7FF1F83C7B7E481CF93F6370093
:109A9800898317B6FF1F2301D6E697B6FF1FA38D4C
:109AA800F6E497B7FF1F83C7A7E291E7D54797B6B4
:109AB800FF1F238FF6E08347640199E79307C003EC
:109AC80097B6FF1F2387F6E01C5791C7829797B771
:109AD800FF1F239DA7D8FD5717B7FF1FA30CF7F04B
:109AE800EFF09FD28147B24022443E8541018280F7
:109AF80089473E85828001114EC697B9FF1F938919
:109B0800A9E083A7090006CE22CC26CA4AC852C4B7
:109B1800829713090064B335250303DA8900814667
:109B2800528633052503EF30C07B97B7FF1F938715
:109B380067D3804FAA840145630694023385844025
:109B4800636E940003A5490052868146B335A90285
:109B58003305A902EF30E078018D269597B7FF1FEE
:109B680023AE97D0F2406244D2444249B249224AD5
:109B78000561828097B7FF1F938747D4985731CBE9
:109B8800411122C426C206C6BE84029717B7FF1F1A
:109B98000357C7CD2A840DCBBA876373A700AA875A
:109BA800C207C183BA866373E400A286C206C18273
:109BB800958F5147635AF700DC5491C38297352536
:109BC80097B7FF1F239487CAB240224492444101A9
:109BD8008280828097B7FF1F23A207D497B7FF1F01
:109BE8009387C7CDDC57011106CEAA8581C72AC63F
:109BF8008297B245CDC19C410545D9CBDC41C9CB43
:109C080083D78500D1C783D7A500D9C3514617B5D7
:109C1800FF1F130565CF9770FF1FE780401F97B799
:109C2800FF1F238907CE97B7FF1F9387E7CD9C4374
:109C380017B7FF1F232EF7C697B7FF1F83C777C92C
:109C48008DE79307805717B5FF1F035565CC33057C
:109C5800F50237460F001306062481468145EF308A
:109C6800406897B7FF1FA386A7C617B7FF1F03470C
:109C780057C6A54763E7E700A94717B7FF1FA30A19
:109C8800F7C417050000130545E7EFF05FB301457A
:109C9800F2400561828097B7FF1F23A307BE97771D
:109CA800FF1F9387476117B7FF1F232FF7C47D57FF
:109CB80097B7FF1F23ACE7C4B7873200938727A164
:109CC80097B6FF1F23A6F6C497B7FF1F238407C4C0
:109CD800B7C7004023A4E726B9B7011122CC17B4AF
:109CE800FF1F1304A4BD084406CE26CA4AC801E9CA
:109CF8000545F2406244D2444249056182805C587D
:109D0800E5DB185C75D77000854582971844B24723
:109D1800E300F7FE9305E00417B5FF1F0355C5BA26
:109D28009780FF1FE78000C517B7FF1F232CA7B434
:109D380061D117B6FF1F035626B99305F00F977028
:109D4800FF1FE780A010814417B9FF1F130989B1CD
:109D580097B7FF1F83C767B70326090263C1F402D9
:109D680032859780FF1FE78000D0014597B7FF1F16
:109D780023AA07B097B7FF1F23A807B09DBF97B5C1
:109D8800FF1F83D565B4B38795020844185C8981A1
:109D980085043E9508C2029765BF97B7FF1F938752
:109DA80027B89C43B7068000B70500829843FD1585
:109DB800558F98C31307F00F98DF13070005D8DBFA
:109DC800D857B7060080558FD8D7D45717B7FF1F75
:109DD800034707B0131687011377F703ED8E66075D
:109DE800558FD8D7618617B7FF1F130767BB930630
:109DF800A003184363DCC600744F37060007D18EF2
:109E080074CF370702001307C72099A093062002D2
:109E180063DAC600744F370600F97D16F18E3706EF
:109E28000005F1BFB70600F99385F6FF744F694541
:109E3800ED8E6355C50037060003D1B7B70500019D
:109E4800CD8E74CFE35F06FA3707020013070721A8
:109E5800D8DF984B137707FC1367E70098CB37E7F1
:109E680000E0D147A309F7049777FF1F9387C75CE2
:109E780093E717007CD782809387C18A9C4399CB4C
:109E8800944BD04B9842518F98C294439C47984228
:109E9800D98F9CC297B7FF1F938787A817B7FF1F53
:109EA8000347E7A817B6FF1F130646AA05489C43B1
:109EB8001307E7091442631E050388431365050861
:109EC80088C3C8468177FD17E98FDCC60F100000EC
:109ED8001C42B7060200AD0594C7930600F817B6F2
:109EE800FF1F2303D6A48A05BA958605ECD3C8C7F5
:109EF800828088431375F5F788C3C8468177FD17B4
:109F0800E98FDCC60F1000001C42B7060200A90545
:109F180094C7930600F817B6FF1F2307D6A08E052F
:109F2800E1B79387C18A9C4389CFD44303A88700AC
:109F380098423367070198C2D447DC4B9842D98FBF
:109F48009CC297B7FF1F9387A79D05479C4395051C
:109F5800631EE50298438E051367070898C3984F58
:109F6800137707C01367A71398CF13078007A38930
:109F7800E7009385C50397B7FF1F23ADB79A11C6AE
:109F8800060697B7FF1F23A7C79A828098439205B2
:109F98001377F7F798C3984F137707C013672713FA
:109FA80098CF1307F007A389E700E1B7411106C668
:109FB80017B7FF1F03478797A1476311F70497B7A0
:109FC800FF1F83C7E798858B17B6FF1F0346769A4E
:109FD80097B6FF1F83C6E699BDC797B7FF1F93873C
:109FE8002799C8432DC1834515000905EF00705F07
:109FF80011C5854717B7FF1FA30AF79217B7FF1FA9
:10A008000347C7929947631CF70097B7FF1F9387C9
:10A0180067A1FC5F83C7B70095CBEF20905A17B7AD
:10A02800FF1F0347A7909D476312F70297B7FF1FCB
:10A038009387479F83A7070983C7770081CBB240DF
:10A0480041016F209040814501454DB7B240410123
:10A05800828017B7FF1F1307678F1C43B44B93F613
:10A06800F68FB4CB944393E6860094C39C438D83C8
:10A07800858B89C7010001000100010097B7FF1F08
:10A088009387078A94439C4293F7F7CF93E7071087
:10A098009CC297B7FF1F9387A7909043B706CEFF40
:10A0A800FD161C46F58F1CC61C4337070300B8CBAA
:10A0B8009387C18A9C4399CBD44390479842518F48
:10A0C80098C2944BDC4B9842D98F9CC297B7FF1F1C
:10A0D800A38D0784828097B7FF1F938727879C43A8
:10A0E8009C438D8B638207104111B7E700E04AC09B
:10A0F80003A9070026C23707200006C622C4AA847F
:10A108003379E90023A0E7180F10000017B7FF1FE5
:10A118000347B7818D4717B4FF1F1304A480631B3F
:10A12800F70097B7FF1F9387A7829C4B014681458D
:10A13800454582971947639BE40497A7FF1F83C788
:10A14800F77E99CB97A7FF1F83C7477E6396970033
:10A1580097A7FF1FA38C077C8347740021476318C8
:10A16800F7009307801017A7FF1F2311F77C97A705
:10A17800FF1F238E0772F13DB2402244B7E700E08B
:10A1880023A0271192440249410182809D47639F81
:10A19800F40097A7FF1F83C77779DDDF17A7FF1F95
:10A1A8000347C7788D47E319F7FA5DB7834674000C
:10A1B800630BD700034774006387E7008347740085
:10A1C8002147E316F7FA97A7FF1F83C73776C5F32A
:10A1D8008347740017A7FF1F230AF774854717A73B
:10A1E800FF1FA305F77461B7828017A7FF1F0347F6
:10A1F800D77391476308F70C97B7FF1F9387479565
:10A208009843B7C7004093870730631DF70A0111C9
:10A21800354506CE22CC26CA4AC84EC66D3D97A9FA
:10A22800FF1F9389E96F152AEF10D02BEFF0FFB6C7
:10A2380083A7090017A9FF1F13098976B7063300FA
:10A24800984397A4FF1F938464703704030013672F
:10A25800070898C398431377F7CF98C398431377A1
:10A26800F7CF1367072098C3032709001C47D58F2A
:10A278001CC79C4013078455B8CBEF10D03EEF2085
:10A288005011EF107031EF10703A03A709001C430A
:10A2980093F7F7CF93E707101CC383260900370706
:10A2A800CEFF7D179C46F2404249F98F9CC69C40E0
:10A2B800B249D244A0CB624497A7FF1FA387076681
:10A2C800056182808280B7C700401387073097B640
:10A2D800FF1F23AFE68613870720411197A6FF1FAC
:10A2E80023A6E6669387071037D7004022C497A6AF
:10A2F800FF1F23A7E66A17A4FF1F1304A46217A76A
:10A30800FF1F232FF7608547A303F40097A7FF1FBC
:10A318009387C75A9C4306C65CD0938707111CD005
:10A328009777FF1F9387A71123A8F18A7D3DB7E789
:10A3380000E0A305040003C7574113670708A38A71
:10A34800E740B24037071000224423A0E710370740
:10A35800200023A0E7104101828017A7FF1F1307E1
:10A36800E7550307470197A7FF1F9387275E9C437D
:10A378006358070413074008D8CBD8D3D8DBF8C3F1
:10A3880013076007D8CF9306E006D4D7D4DFF8C701
:10A39800130780072393E700F84BB7060080558F13
:10A3A800F8CB5147F8CB17A7FF1F1307A7575853E8
:10A3B800F8DF7D5798C737071F003D07D8C7828049
:10A3C8001307C00855BF97A7FF1F9387675D98437A
:10A3D80017A6FF1F1306C65797A7FF1F9387475453
:10A3E80094438347160013F8F707D9C588425C429F
:10A3F800137505F83365050188C213F5150001C901
:10A4080093F5050341456386A506938787C14C5795
:10A418004168130808A093E525004CD7B3D5070376
:10A42800B70810FEFD18B3F70703FD89139545011A
:10A438006C43B3F51501C98D6CC39305A00F37059F
:10A44800FCFFAA07B3D7B7026C43E98DBA07B983F3
:10A45800CD8F7CC383470600898B99CB9C4293F7A9
:10A46800F70713E707049C4293F707F8D98F9CC2B4
:10A4780082809387078361BF5C57F59B5CD79C42BA
:10A4880093F707F8B3E707019CC2E9B7411106C67D
:10A4980097A7FF1F2385074EEFF0BFBBB2400145CA
:10A4A80041018280411197A7FF1F83C7D74706C67E
:10A4B800858B95C7E13F97A7FF1FA386074697A7F8
:10A4C800FF1F2383074697A7FF1F9387674803A3A8
:10A4D8000701014681450545B2404101028397A71E
:10A4E800FF1F9387A7469C43FC5385E3453797A7EF
:10A4F800FF1F238B074297A7FF1F9387674503A377
:10A508000701014681454545C1BF97A7FF1F9387AE
:10A51800674183C777000D476317F700854717A77B
:10A52800FF1F2306F738B24041018280411197A7E7
:10A53800FF1F83C7473F26C206C622C4858B97A440
:10A54800FF1F9384A440F5CB97A7FF1F238D073CDB
:10A5580097A7FF1F9387C744984317A5FF1F034575
:10A56800253F17A4FF1F1304A43E5C578583858BE2
:10A57800B1CB504093760503C145930786C16394D8
:10A58800B60093070683C165938505A0B3D6B702C5
:10A59800370810FE7D18B3F7B702FD8A13964601F7
:10A5A8007443B3F60601D18E74C39306A00F370621
:10A5B800FCFFAA07B3D7D7027443F18EBA07B98351
:10A5C800D58F7CC31185014697A5FF1F83C5053A22
:10A5D8000D89EFF01F95170500001305E50AEFF048
:10A5E8004FA198408177FD175447F58F5CC70F102E
:10A5F80000009840B70702001CC7930700F817A689
:10A60800FF1F2303F63297A7FF1F938767319C43E9
:10A618009C439D83858B99CF93076019032304017D
:10A628007CD354C70146814505452244B240924433
:10A63800410102839307E01BD5B79C40FC5385E397
:10A64800B13597A7FF1F2381072E97A7FF1F938771
:10A65800273003A30701014681454545F9B797A768
:10A66800FF1F9387272C83C777000D476317F700D1
:10A67800854717A7FF1F230CF722B24022449244B4
:10A6880041018280011197A7FF1F83C7D72906CEF2
:10A6980022CC858B17A7FF1F1307C728C1CF3A8481
:10A6A800F533485097A7FF1FA38F0726814581469A
:10A6B8001306F10097A7FF1F238807269770FF1F2F
:10A6C800E78020F593158501E1858DE15C509306BF
:10A6D800F00F03C70700630BD70097A7FF1F83C7B7
:10A6E80037296385D7006303F700894597A7FF1FBC
:10A6F8009387072603870700634707005850834658
:10A70800F1002300D7009C4B505093F5F50F0945F5
:10A71800829797A7FF1F83C76726898B81CB8545BB
:10A7280017A5FF1F0345C525EFE0FFD5F24062449A
:10A738000561828097A7FF1F938747219C43FC539D
:10A748008DE3EFF0BFD497A7FF1F238F071C97A7B0
:10A75800FF1F9387E71F9C4B014681454945829718
:10A76800F1B7834777000D47E312F7FC854717A732
:10A77800FF1F230EF7125DBF797122D452CC56CA3F
:10A7880006D626D24AD04ECE5AC893070008AA8ABF
:10A798002E84328A6319F602BD449770FF1FE78042
:10A7A800400FE3FCA4FE97A7FF1F83C7071C96076B
:10A7B800C117E3E4A7FE97A7FF1F938727199C43B8
:10A7C80013078007F8D317A9FF1F13096915032773
:10A7D8000900814597A4FF1F938444175C5797A9E4
:10A7E800FF1F9389E916F19B93E717005CD717A51C
:10A7F800FF1F0345F515EFF01FBD8327090097A537
:10A80800FF1F9385E5193706330098431377F7CF71
:10A8180098C398431377F7CF1367072098C39841D5
:10A828001447D18E14C794403706030013068625B3
:10A83800B0CA03A6890090C703A6C900D0C3DC42EA
:10A8480093E71700DCC25C4393F7F7EF5CC30100A2
:10A858000100984197A9FF1F9389891117ABFF1F22
:10A86800130B4B0C5C4393E707105CC383C7E900E9
:10A8780093E7270017A7FF1F2303F7109307FAFF93
:10A8880093F7F70F05476369F70C03250B02228638
:10A89800D68523004501A300850009059760FF1FA1
:10A8A800E780E05603270B029C4093150401C18101
:10A8B800B8DF17A7FF1F2308070617A7FF1FA30462
:10A8C800070617A7FF1F230107060D4797A6FF1FB7
:10A8D800A38DE60413070008631EEA08F8537DFFFA
:10A8E80097A7FF1F9387C7FC9C432EC6829703A791
:10A8F8008900B2456368E506198D83270B02370482
:10A9080080000D811307F42F6205598D88C317A5A0
:10A91800FF1F0345E50311850D89EFF0EFD5832768
:10A9280009009843418F98C3D857719BD8D797A7E8
:10A93800FF1FA38B07FE97A7FF1FA38507FE9C4059
:10A94800094798C3B250225492540259F249624AB4
:10A95800D24A424B4561828093070008E314FAF417
:10A96800094489B797A7FF1F938707FADC43998F94
:10A978003E9561B717A5FF1F034585FD11850D8914
:10A98800EFF08FCF83270900B70680001715000066
:10A99800130505109843558F98C3D857719BD8D77E
:10A9A800EFE03FE597A7FF1F238A07FC97A7FF1F44
:10A9B800A38C07F697A7FF1FA38607F69C400947B5
:10A9C80098C383C7C90093F7F70FE5DFA5BF1C49F4
:10A9D800638D0718411122C406C626C283470500A5
:10A9E8002A8493F7070489C75C410945638E0710D9
:10A9F80013060002814517A5FF1F130565F597602B
:10AA0800FF1FE780A04413060002A28517A5FF1FB9
:10AA1800130505F49760FF1FE780603F97A7FF1FA6
:10AA280083C797F497A4FF1F938484F299E7930749
:10AA3800800217A7FF1FA309F7F297A7FF1F83C775
:10AA4800C7F291E7A14717A7FF1F2300F7F297A7BF
:10AA5800FF1F83C797F191E7C54717A7FF1FA306F5
:10AA6800F7F097A7FF1F83C767F091E7ED5717A780
:10AA7800FF1F230DF7EE97A7FF1F83C737EF91E757
:10AA8800ED5717A7FF1FA303F7EE8347040093F7BB
:10AA9800070491CFDC4037B724001307F7E9636A4E
:10AAA800F7069307500217A7FF1FA303F7EA97A714
:10AAB800FF1F9387E7EBC84309C59770FF1FE7801F
:10AAC80080FA97A7FF1F23A707EA83C70400858B8F
:10AAD80085C317A5FF1F034575E99305900409056C
:10AAE8009770FF1FE78000E997A7FF1F23A4A7E837
:10AAF80083C71400014517A7FF1FA302F7E89C446A
:10AB080017A7FF1F2320F7E8B240224492444101CF
:10AB18008280370725009306F74863EDF60037670C
:10AB2800DBFF13070793BA971307007DB3D7E70234
:10AB3800FD1795BF130707496395E7009307600260
:10AB48009DB737D725001307F777636DF700376789
:10AB5800DBFF13070793BA971307007DB3D7E70204
:10AB6800F91791B7930770023DBF05458280797147
:10AB780026D297A4FF1F9384A4DD9C4406D622D432
:10AB88004AD04ECE52CC56CA5AC85EC662C46388F2
:10AB9800072417A7FF1F034757D99547AA8B17AA5A
:10ABA800FF1F130A2AD80945630EF71E0D452E8488
:10ABB800328B368CEFF02FD297A7FF1F83C707DCA5
:10ABC800898B97AAFF1F938AAADA85CB3D4997708C
:10ABD800FF1FE78000CCE37CA9FE97A7FF1F83C770
:10ABE800C7D89607C117E3E4A7FE97A7FF1F938767
:10ABF800E7D59C4313078007F8D397A9FF1F9389CC
:10AC080029D203A709005C57F19B93E717005CD78B
:10AC180083C7CA00898B99E783C7040093F70704A1
:10AC2800639E0718814517A5FF1F034575D2EFF0EE
:10AC38008FF983A7090097A5FF1F938565D6370667
:10AC48003300984317A9FF1F130949D01377F7CF8B
:10AC580098C398431377F7CF1367072098C3984191
:10AC68001447D18E14C7832609003706030013063C
:10AC78008625B0CA904490C7D044D0C383C7040087
:10AC880013F61700DC42F99BD18FDCC25C4393F7C3
:10AC9800F7EF5CC30100010098415C4393E707109C
:10ACA8005CC383C7EA0093E7270017A7FF1F2308A1
:10ACB800F7CC97A7FF1F238D67CB97A7FF1FA38903
:10ACC80087CB63800B1003250A022286DE852300CA
:10ACD8006501A300850009059760FF1FE780201321
:10ACE80083270A02032709003CDF97A7FF1F238C4D
:10ACF80007C297A7FF1FA38807C297A7FF1F23852F
:10AD080007C28D4797A6FF1FA381F6C283C7CA0053
:10AD1800898B9DCB7C53FDFF97A7FF1F938747B96E
:10AD28009C43829703A78A006363E50A198D8327EA
:10AD38000A0209041374F40FA38087000D81A297F7
:10AD480023800700A380A70017A5FF1F034545C060
:10AD580011850D89A285EFF02F9283C7040017F59E
:10AD6800FFFF1305E57C858B89E717F5FFFF1305C2
:10AD7800A573EFE01FA883A70900B7068000014567
:10AD88009843558F98C3D857719BD8D797A7FF1F5B
:10AD9800A38C07B897A7FF1FA38607B883270900C6
:10ADA800094798C3B250225492540259F249624A50
:10ADB800D24A424BB24B224C456182808945C840F9
:10ADC800BDB583270A02014423A0670111BF97A7D5
:10ADD800FF1F938767B3DC43998F3E9589BF05456D
:10ADE800D1B77971B7E700E026D28443370720004E
:10ADF80006D622D44AD04ECE52CC56CAF98C23A0BD
:10AE0800E7180F10000017A4FF1F130464B41844B8
:10AE180009EF23A097100545B250225492540259C5
:10AE2800F249624AD24A4561828017A7FF1F130779
:10AE380067BF0327470A09C723A097100945E9BF39
:10AE480083470400328AB689858B2E86AA8ABDC7B5
:10AE580017A9FF1F1309C9B18327490095E317A54F
:10AE6800FF1F0345B5B02EC60905930590049770DA
:10AE7800FF1FE78020B0324697A7FF1F23ACA7AE7D
:10AE88008327490099E7B7E700E023A097100D450D
:10AE980061B717A7FF1F0347C7AD2380E7008327C4
:10AEA8004900638F0A0429CEA380C70003254900FF
:10AEB800D68509059760FF1FE78060F517A7FF1F74
:10AEC8000347B7A69547630CF70097A7FF1F83C7EB
:10AED800E7A519476385E7000D476396E70297A73B
:10AEE800FF1F83C7B7A499E79307801017A7FF1F11
:10AEF800231EF7A2B7E700E023A09710014529BF5A
:10AF0800A380070065BF17A9FF1F130929A483277A
:10AF1800090098430D8B0DC717A7FF1F2309079832
:10AF2800B84B1377F78FB8CB98431367870098C34C
:10AF38009C438D83858B89C70100010001000100B6
:10AF4800832709003707020097AAFF1F938A4AA29E
:10AF580023A2070698C797A7FF1F2387079C97A7D1
:10AF6800FF1F83C7A7A1918B89EB97A5FF1F83C5F7
:10AF7800259E93F70504639C0712814517A5FF1FBB
:10AF88000345159DEFF02FC417A5FF1F0345459CEA
:10AF98001185014697A5FF1F83C5459D0D89EFE0E3
:10AFA8005FF817A7FF1F1307A79714441C4394C7FC
:10AFB8005444D4C383260900834704003A8413F613
:10AFC8001700DC42F99BD18FDCC283A74A00BCDEA4
:10AFD80097A7FF1FA38F479997A7FF1F238B379921
:10AFE80083C7EA0093E7470097A6FF1F2389F698CF
:10AFF8009307000497A6FF1F2386F69297A7FF1FC3
:10B0080023840792A14797A6FF1FA380F69297A7CC
:10B01800FF1F9387A78A9C5791CB13060064C145ED
:10B0280017A5FF1F0345C595EFE06FCF83270900DC
:10B038001705000013052533DC43858B89E71705C1
:10B0480000001305C507EFE0CFFA184097A6FF1FC9
:10B0580093860695370633001C4393F7F7CF1CC336
:10B068001C4393F7F7CF93E707201CC39C429847EC
:10B07800518F0326090098C7370703001307871560
:10B0880038CA17A7FF1FA301078A17A7FF1FA30B1B
:10B098000788054718C2D8431377F7EFD8C30100CC
:10B0A800010098425C4393E707105CC3A1B593F590
:10B0B800050393E515004840F1B5011197A7FF1F57
:10B0C80083C7578606CE22CC26CA4AC8858B17A7BF
:10B0D800FF1F130727856386072497A7FF1FA383EE
:10B0E80007843A84A30701004453EFF02FBA97A7C7
:10B0F800FF1F83C7A788918B97A6FF1F9386468754
:10B1080017A9FF1F1309C984638A071A83C7140084
:10B11800A69703C7070093070008631AF700834739
:10B12800090093E7870017A7FF1F2303F7825C4CEA
:10B138000D47637FF710F11717A7FF1F2322F7802A
:10B148005C4C984663EDE7103387E74083C71400EB
:10B1580003C6C600A69783C71700620661868E07D6
:10B168006350061263F4E7101D8F9306000263EB29
:10B17800E600584C636FF70EB307F7401797FF1FA9
:10B18800232CF77E89451795FF1F0345657FEFE060
:10B198008FAF83470900A18B638D07109797FF1F17
:10B1A8009387C77A94439307800C1307F00FFCD258
:10B1B8001C5037063300014598C39797FF1F238417
:10B1C80007769797FF1FA38007769797FF1F238D12
:10B1D80007749797FF1FA38907749797FF1F938793
:10B1E800277498431C4393F7F7CF1CC31C4393F76A
:10B1F800F7CF93E707201CC39797FF1F9387477ADA
:10B2080098439795FF1F83C5A57491851C478D8921
:10B21800D18F1CC7B707030093878725BCCA05468B
:10B228009760FF1FE780004883470900DD9B179759
:10B23800FF1F230FF7709796FF1F83C68673179615
:10B24800FF1F0346167381450145EFF09FB9E1A042
:10B258001797FF1F1307476B5843BA97E9BD17960F
:10B26800FF1F1306666A5042B297F9BD3387E7405D
:10B27800EDBD9796FF1F93862669D4423697EDBD9C
:10B28800584C6361F702B307F7401797FF1F232550
:10B29800F76E83C7C60093E707081797FF1F230FAA
:10B2A800F76CCDB51796FF1F130606665042329706
:10B2B800D9BF83C71400F917A380F400485081460A
:10B2C80081451306F1009760FF1FE78080345C50CA
:10B2D800931585019306F00F03C70700E185630CFA
:10B2E800D7009797FF1F83C7D7686386D700630483
:10B2F800F70093E525008307090063C7070089E580
:10B308008347F1002380F40083270901505093F507
:10B31800F50F0D458297F2406244D24442490561D7
:10B3280082809797FF1F938767629C43FC5399EF2E
:10B33800EFF0CF959797FF1F938747589C5BE38C57
:10B3480007EE8545130510088297F5B58347770002
:10B358002147E312F7FC85471797FF1F2309F75486
:10B368005DBF79719797FF1F83C7C75B06D622D445
:10B3780026D24AD04ECE52CC858B1797FF1F130783
:10B38800675A638407260329470281461306F1009A
:10B3980081454A853A84A30701009797FF1F2383B5
:10B3A80007589760FF1FE780C026131A8501135AB4
:10B3B8008A4163120A029797FF1F83C7975B930618
:10B3C800F00F638AD7005850034707006305D7007A
:10B3D8006303F700094A9794FF1F93846457838790
:10B3E80004009799FF1F9389A95863C60714631629
:10B3F8000A148347F1002300F90083C7C900918B21
:10B40800D1CB5C4C0D47637DF716F1171797FF1FDB
:10B418002328F7525C4C03A7890063EAE7163387B1
:10B42800E7408347190083C6C900CA9783C7170036
:10B43800E206E1868E0763DD061663F1E7161D8FC7
:10B448009306000263EBE600584C636CF714B307ED
:10B45800F7401797FF1F2321F75289451795FF1FBC
:10B4680003450552EFE02F82834719003307F9009F
:10B4780083460700130700086395E6161C50130758
:10B48800F00F98C383C7040093E787001797FF1F3F
:10B498002300F74C9797FF1F9387875098435C5773
:10B4A8008583858BA1C3DC40C165938505A0B3D690
:10B4B800B702370510FE7D15B3F7B702FD8A13965C
:10B4C80046017443E98ED18E74C39306A00F3706E4
:10B4D800FCFFAA07B3D7D7027443F18EBA07B98322
:10B4E800D58F7CC383A749001795FF1F03454546A1
:10B4F800118583C517000D89EFE01F981705000017
:10B5080013056513EFE0EFAE9797FF1F9387474149
:10B518009C43B70680009843558F98C3D857719BB2
:10B52800D8D783C70400A18BA1E79C485050814518
:10B538000D45829735A8E3020AECEFE09FB19C48DD
:10B5480050500D459375FA0F829703A54900179639
:10B55800FF1F034616429796FF1F83C6864109C5FB
:10B5680083451500090519A081450145EFF07F873E
:10B57800B250225492540259F249624A456182807B
:10B588001797FF1F130747385843BA97BDBD9796BB
:10B59800FF1F93866637D442B69751B53387E74085
:10B5A80045B59796FF1F93862636D442369745B5FC
:10B5B800584C6361F702B307F7401797FF1F232D15
:10B5C800F73A83C7C90093E707081797FF1F2307B0
:10B5D800F73A61B59796FF1F93860633D44236979C
:10B5E800D9BFF917A300F90075B59797FF1F93877F
:10B5F800E7359C43FC539DE3EFE05FE99797FF1F16
:10B608009387C72B9C5B89C78945130510088297C8
:10B618009797FF1F9387C735C84315BF83477700A0
:10B628002147E317F7F485471797FF1F2301F728EA
:10B6380081B741119797FF1F83C7D72E06C622C42B
:10B64800858B8DCB9797FF1FA38E072CEFE01FE408
:10B658009797FF1F9387C72F03C707003E84218B47
:10B6680021E703A307010146814511452244B24061
:10B67800410102839797FF1F9387472D9C43FC53F3
:10B68800ADE79797FF1F2381072A9797FF1F938797
:10B69800272C03C707003E84218B19E703A3070162
:10B6A800014681455145D9B79797FF1F9387472C86
:10B6B800C8431796FF1F0346D62B9796FF1F83C6CE
:10B6C800462B0DC1834515000905EFF08FF183471F
:10B6D8000400DD9B1797FF1F230CF726B240224476
:10B6E8004101828081450145CDB785471797FF1FE6
:10B6F800230FF71AE5B74111B7E700E022C48043EA
:10B708003707200006C6798C23A0E7180F10000021
:10B718009797FF1F238507269797FF1F938747252E
:10B72800C84309C59760FF1FE780E0339797FF1F5D
:10B7380023A207241797FF1F0347571F9797FF1F39
:10B748009387471E01CF9796FF1F83C6261E214762
:10B758006396E6001797FF1FA30A071C03C7770025
:10B7680099466387E60003C777009D46639DE60018
:10B7780083C777001797FF1F230AF71A854717977C
:10B78800FF1FA305F71AEFE0DF8CC1451795FF1FD0
:10B798000345051F9797FF1F238B0710EFD0BFEEB8
:10B7A800B7E700E023A08710B240224401454101D9
:10B7B8008280411106C622C426C21794FF1F1304B3
:10B7C800241B153F8347F400A1451795FF1F034528
:10B7D800251B1797FF1FA30DF7165C489794FF1FAB
:10B7E800938404171797FF1F2328F716EFD0BFE994
:10B7F80091451795FF1F0345A518EFD0DFE883474C
:10B80800C400898B9DC39C480146814513052002CD
:10B8180082972244B24092449797FF1F23800716CD
:10B828008945014541016FD07FFB8347C400918B57
:10B83800EDD39C480146814513054002D1BF979737
:10B84800FF1F83C7A713898B638B0712011152C48B
:10B8580006CE22CC26CA4AC84EC656C25AC0179728
:10B86800FF1F0347970C8D47179AFF1F130A8A0B70
:10B878009145630FF70A354501798569EFE0BF8582
:10B88800A1441794FF1F1304640C7D19938929F9A7
:10B898001306000881450145EFE01FEEB70A0200D4
:10B8A800130B00F883472A00858B85E31C40FC5363
:10B8B800F5FBFD14F1FC6244F240D2444249B2491E
:10B8C800224A924A024B0561EDB51795FF1F0345C1
:10B8D8002508118501469305F00F0D899797FF1FDD
:10B8E80023830704EFE0EFE39795FF1F83C5450621
:10B8F80091851306F00F8D8905459760FF1FE78036
:10B9080060DA83473A00858BB9C39797FF1FA38CEA
:10B918000700EFE0BFB79797FF1F9387670583C7B7
:10B92800C700854593E707081797FF1F2308F70403
:10B938006244F240D2444249B249224A924A024BF6
:10B948001795FF1F0345C50305616FD0DFB3EFE00F
:10B95800FFB31C40D847B3762701D4C70F100000A7
:10B968001C4023A457019796FF1F238F66FB23A231
:10B978003707D8C71C40FC5395DB0100E5BF828020
:10B98800411122C406C693F715002E84A1CB9797C0
:10B99800FF1F83C7A7FE898B85CF9797FF1F9387C4
:10B9A80027FD83C7C7001795FF1F034565FD1306CD
:10B9B8000005E207E18763DA07001796FF1F0346D1
:10B9C800B6FA9307000A3306F6029145EFD03FB561
:10B9D80013451400B24022444101828093F72500A8
:10B9E800B9C79797FF1F83C767F9918B95CF97972B
:10B9F800FF1F9387E7F783C7C7001795FF1F034506
:10BA080025F81306000AE207E18763DC07001796AA
:10BA1800FF1F034676F59307000A3306F60213065E
:10BA28008602A145EFD0BFAF1345240065B793F751
:10BA3800450091C7EFF0BFE01345440061BF93F79D
:10BA4800850081CF9797FF1F83C747F3918B99C3D1
:10BA5800EFF03FD613458400B5BF93F705010145C4
:10BA6800B5DBEFE02F911797FF1F034717ECA147AE
:10BA7800631BF70013060064C1451795FF1F0345B4
:10BA880025F0EFD0DFA913450401A9B74111979715
:10BA9800FF1F83C747E906C622C426C2858B638475
:10BAA800071E1795FF1F0345A5EA11850146930553
:10BAB80000020D899797FF1F238707E6EFE06FC6FF
:10BAC8009795FF1F83C5C5E891851306F00F8D89EB
:10BAD80005459794FF1F9384E4E49760FF1FE78070
:10BAE80060BC83C73400858B638F0718C85097974D
:10BAF800FF1FA38A07E28146014681459797FF1FEA
:10BB0800238307E29760FF1FE780A0B0631D051637
:10BB1800C0509547034724006317F71619469795B1
:10BB2800FF1F938525DB130594009750FF1FE780BF
:10BB3800003585476319F5149C501947814598C30A
:10BB48001795FF1F0345C5E011850D89EFE0CFB2BA
:10BB58009795FF1F83C5C5DF918501468D890D45E2
:10BB68009760FF1FE78000B483C72400858B638C30
:10BB780007109797FF1F238807DA9797FF1F938768
:10BB880027D39C4382979797FF1F23A7A7DEEFF041
:10BB98009FB69797FF1FA38D07DA9797FF1FA38F6D
:10BBA80007DC83473401814681451797FF1FA30DA2
:10BBB800F7DA83474401130500021797FF1F23068E
:10BBC800F7DA834754011797FF1FA300F7DA0347F3
:10BBD80004018347F40022075D8F83471401C207DD
:10BBE8005D8F83472401E207D98F1797FF1F23250D
:10BBF800F7D6034774018347640122075D8F8347A3
:10BC08008401C2075D8F83479401E207D98F179794
:10BC1800FF1F2329F7D41797FF1FA30307D6014750
:10BC280033D6D700058A09C605071377F70F854568
:10BC38008506E397A6FE89C59797FF1FA382E7D4D9
:10BC48008347A4019305340019461797FF1F230D56
:10BC5800F7D01795FF1F130565D389471797FF1F5F
:10BC6800230EF7D09750FF1FE780601A2244B24096
:10BC780092441795FF1F0345A5D0130680029145EE
:10BC880041016FD0DF89EFE0CFBCB2402244FD57BD
:10BC98001797FF1F2304F7CE924441018280411178
:10BCA80006C622C4EFE02FE213064002814517952D
:10BCB800FF1F1305E5CB9750FF1FE7802019179446
:10BCC800FF1F1304E4CAFD5717050000130585CBB1
:10BCD8001CC0EFD07FC72308A400B240224401450E
:10BCE800410182809797FF1F938787CB9C43130757
:10BCF8000048B70600F998D7D85FFD16758FB706C4
:10BD08000002558FD8DFD85FB70600400E070D83B5
:10BD1800558FD8DFF84BC576FD16419B1367970002
:10BD2800F8CBD85F758F9566558FD8DF985B9D6681
:10BD38001367077098DB985B558F98DB985BB7069D
:10BD48000700558F98DB985BB7060090FD16758F36
:10BD5800B7060010558F98DBF847B706F9FFFD16B0
:10BD6800619BF8C7F84F758FF8CFF84FB70690FF6B
:10BD7800FD16758FF8CF1797FF1F034767B5137721
:10BD8800070C19C7B847B7060080558FB8C7828017
:10BD9800B84706070583DDBF1797FF1F130747C07E
:10BDA8001C4341767D16B44BF18EB4CB94473706CD
:10BDB8002000D18E94C7D44793E60601D4C7D44750
:10BDC800BD9AD4C7010001000100010014430566B3
:10BDD800DC4693E70701DCC6DC42D18FDCC29797CB
:10BDE800FF1F9387A7B69043930740067CD27C52E7
:10BDF80091C783A7C609A183858BF5DB01000100E4
:10BE0800010001001C43416603A7C709B44BD18E4A
:10BE1800B4CB9376F701B84B019B558FB8CB9847B5
:10BE2800B706E0FFFD16758F98C782809797FF1FAA
:10BE3800938707B79C4341777D17B44F4166F98EC6
:10BE4800B4CF9447D18E94C7D44793F6F6EFD4C7AE
:10BE5800D443758FD8C3D44793E60610D4C7D843C4
:10BE6800518FD8C38280397122DC1794FF1F1304C5
:10BE780024B31C4006DE26DA4AD84ED652D456D20F
:10BE88005AD05ECE62CC66CA6AC86EC6D843FD7602
:10BE9800FD161377F7EFD8C39857758F98D7D857EB
:10BEA800B70602003D9BD8D79847558F98C7D84307
:10BEB80013670701D8C31797FF1F1307E7AD14438C
:10BEC8003757341213078767E38FE64AD8438174DC
:10BED8009384F40F799BD8C3985FB166938606F074
:10BEE800658F558F98DFD84313671700D8C39760BD
:10BEF800FF1FE78080A41C4003A707091377F703F7
:10BF0800238AE18A03A7470929831377F707A38AB6
:10BF1800E18AD843B96693860670799BD8C3985F3F
:10BF2800658F558F98DFD84313671700D8C397607C
:10BF3800FF1FE78080A01C4003A707091377F703BA
:10BF48009796FF1FA380E6A603A7470929831377BF
:10BF5800F7079796FF1F2383E6A4D843B566938611
:10BF68000630799BD8C3985F658F558F98DFD84383
:10BF780013671700D8C39760FF1FE780009C18401D
:10BF88008327070993F7F7039796FF1F238CF6A0DB
:10BF980083274709A98393F7F7071797FF1F230BF1
:10BFA800F79E1C40179CFF1F034CCC9F83C6418BF8
:10BFB80003A7070AB386864113F6F600419B518F03
:10BFC80023A0E70A130760023387E602130670020C
:10BFD80083A5070A7D7E130EFE0F93F5F5F0130572
:10BFE800400245737D13130430023347C702B70874
:10BFF800F1FFFD1813082002930E10027D4FF94F30
:10C00800F542F1436D4DD14B454BBD443949314A59
:10C01800AD4AB5493D8B12074D8F9305500223A0B9
:10C02800E70A3387B60283A5070AB3F5C501334784
:10C03800C7023D8B22074D8F23A0E70A3387A6024C
:10C0480083A5070A370500F17D15B3F56500334769
:10C05800C7023D8B32074D8F23A0E70A338786023C
:10C0680083A5070A6144B3F515013347C7023D8B21
:10C0780042074D8F23A0E70A3387060383A5070AE3
:10C08800370810FF7D18B3F505013347C7023D8B0C
:10C0980052074D8F23A0E70A3387D60383A5070AE3
:10C0A800B70E0010FD1EE98D3347C7023D8B6207AE
:10C0B8004D8F23A0E70A139756003347C7029315FD
:10C0C800C70103A7070A3377D7014D8F23A0E70AD3
:10C0D8003387E6035D4F3347C7029375F70003A71D
:10C0E800470A419B4D8F23A2E70A3387F60383A5AE
:10C0F800470AD94F93F5F5F03347C7023D8B12072E
:10C108004D8F23A2E70A3387560283A5470AD542F3
:10C11800B3F5C5013347C7023D8B22074D8F23A2D4
:10C12800E70A3387760283A5470ACD43B3F565004E
:10C138003347C7023D8B32074D8F23A2E70A338767
:10C14800A60383A5470A494DB3F515013347C7022E
:10C158003D8B42074D8F23A2E70A69473387E602E2
:10C1680083A5470AB3F505013347C7023D8B52073C
:10C178004D8FE54523A2E70A3387B60283A5470A10
:10C18800E98D3347C7023D8B62074D8F23A2E70A2B
:10C19800338786020D443347C7029315C70103A7A7
:10C1A800470A3377D7014D8F23A2E70A3387E6037F
:10C1B800254F3347C7029375F70003A7870A419BAA
:10C1C8004D8F23A4E70A3387F60383A5870A9D4F7B
:10C1D80093F5F5F03347C7023D8B12074D8F23A423
:10C1E800E70A3387560283A5870A9942B3F5C50142
:10C1F8003347C7023D8B22074D8F23A4E70A3387B5
:10C20800760383A5870AB3F565003347C7023D8BDC
:10C2180032074D8F23A4E70A3387760283A5870A5E
:10C228009543B3F515013347C7023D8B42074D8F40
:10C2380023A4E70A3387A60383A5870A294DB3F504
:10C2480005013347C7023D8B52074D8F23A4E70AE8
:10C258003387660383A5870AE98D3347C7023D8B79
:10C2680062074D8F93954600B3C5C50223A4E70A1C
:10C2780003A7870A3377D701F2054D8FB385960256
:10C2880023A4E70A03A7C70A419BB3C5C502BD8912
:10C298004D8F23A6E70A3387260383A5C70A93F59C
:10C2A800F5F03347C7023D8B12074D8FB3C58602A1
:10C2B80023A6E70A03A7C70A3377C701BD89A205E2
:10C2C8004D8F23A6E70A3387460383A5C70AB3F52C
:10C2D80065003347C7023D8B32074D8F23A6E70A17
:10C2E8003387560383A5C70AB3F515013347C70239
:10C2F8003D8B42074D8F23A6E70A3387A60383A504
:10C30800C70AB3F505013347C7023D8B52074D8F66
:10C3180023A6E70A3387E60383A5C70AE98D3347CF
:10C32800C7023D8B62074D8F93953600B3C5C50292
:10C3380023A6E70A03A7C70A3377D701F2054D8F6B
:10C34800B385F60323A6E70A03A7070B419BB3C5EA
:10C35800C502BD894D8F23A8E70A3387560283A5F6
:10C36800070B93F5F5F03347C7023D8B12074D8F46
:10C3780023A8E70A3387760283A5070BB3F5C5011F
:10C388003347C7023D8B22074D8F23A8E70A13972F
:10C3980026003347C70283A5070BB3F565003D8B1D
:10C3A80032074D8FB3C5360323A8E70A03A7070B47
:10C3B80033771701BD89C2054D8F23A8E70A139764
:10C3C80016003347C70283A5070BB3F505013D8B5C
:10C3D80052074D8FB3C5C60223A8E70A03A7070B68
:10C3E800698FBD89E2054D8F23A8E70A03A7070BCC
:10C3F800930580023377D70123A8E70A1787FF1F21
:10C408000347575A3307EC40B34DB70283AC470B89
:10C4180093FC0CFFB34B770393FDFD00B3ECBC0119
:10C4280023AA970B83AC470BCD4D93FCFCF093FBF1
:10C43800FB00920BB3EB7C0123AA770BB30B8702AB
:10C4480083AC470BB3FCCC01B3CBBB0293FBFB0023
:10C45800A20BB3EB7C01B34CA70323AA770B83ABE6
:10C46800470BB3FB6B0093FCFC00B20CB3EB9B01D6
:10C4780023AA770BA14BB34B770383AC470BB3FCD1
:10C488001C0193FBFB00C20BB3EB7C0123AA770BC7
:10C49800B30B570283AC470BB3FC0C01B3CBBB0205
:10C4A80093FBFB00D20BB3EB7C0123AA770BB30BF6
:10C4B800F70383AC470BB3FCAC00B3CBBB0293FBD5
:10C4C800FB00E20BB3EB7C01B34C770223AA770B9A
:10C4D80083AB470BB3FBDB01F20CB3EB9B01B30C53
:10C4E800E70323AA770B83AB870B93FB0BFFB3CC34
:10C4F800BC02B30A570393FCFC00B3EB9B0123ACCB
:10C50800770B914B83AC870B93FCFCF0B34B770311
:10C51800330A470393FBFB00920BB3EB7C0123AC7C
:10C52800770B83AB870BD54CB3FBCB01B3CABA02ED
:10C53800B309370393FAFA00A20AB3EA5B0123AC02
:10C54800570B83AA870BD94BB3FA6A00334ABA024E
:10C5580033092703137AFA00320A33EA4A0123AC73
:10C56800470B03AA870BE14A337A1A01B3C9B90208
:10C57800B304970293F9F900C209B3693A0123ACED
:10C58800370B83A9870B654AB3F909013349B90207
:10C59800B3C4B4021379F900520933E9290123AC71
:10C5A800270B03A9870BE9493379A900330B6703E4
:10C5B800BD88E204B36499001319470023AC970AB5
:10C5C80083A4870BB3F4D4013349B902334BBB02BC
:10C5D8007209B3E4240123AC970A83A4C70BC1985A
:10C5E800137BFB0033EB6401C944B304970223AE09
:10C5F800670B03A9C70B5D4B1379F9F0B3C4B402F9
:10C60800BD889204B364990023AE970AB304B703B4
:10C6180003A9C70BF54D3379C901B3C4B402BD886A
:10C62800A204B364990023AE970A8944B3449702DD
:10C6380003A9C70B33796900BD88B204B3649900B4
:10C6480023AE970AB304970303A9C70BF94C3379B0
:10C658001901B3C4B402BD88C204B364990023AEFF
:10C66800970AB304770303A9C70BFD4B3379090174
:10C67800B3C4B402BD88D204B364990023AE970A48
:10C68800B304670303A9C70B130B10023379A9007E
:10C69800B3C4B402BD88E204B364990023AE970A18
:10C6A800B304570303A9C70B930A20023379D901AE
:10C6B800B3C4B402F204B364990023AE970AB30476
:10C6C800470303A9070C130A3002137909FFB3C4FF
:10C6D800B402BD88B364990023A0970CB304370350
:10C6E80003A9070C930940021379F9F0B3C4B40203
:10C6F800BD889204B36499006D4923A0970CB304D4
:10C70800270303A9070C3379C901B3C4B402BD8850
:10C71800A204B364990023A0970CF144B3049702D0
:10C7280003A9070C33796900B3C4B402BD88B20405
:10C73800B364990023A0970CB304B70303A9070CAB
:10C7480033791901B3C4B402BD88C204B364990033
:10C7580023A0970CB304970303A9070C33790901A5
:10C76800B3C4B402BD88D204B364990023A0970C63
:10C77800B304770303A9070C3379A900B3C4B4023F
:10C78800BD88E204B364990023A0970C9314570062
:10C79800B3C4B4021399C40183A4070C3306C702B7
:10C7A800B3F4D401B3E4240123A0970C03A9470CE4
:10C7B800137909FFB3046703B3C4B402BD88B36433
:10C7C800990023A2970CB304570303A9470C1379C4
:10C7D800F9F0B3C4B402BD889204B364990023A2EB
:10C7E800970CB304470303A9470C3379C901B3C4B1
:10C7F800B402BD88A204B364990023A2970CB304C1
:10C80800370303A9470C33796900B3C4B402BD8860
:10C81800B204B36499001309500223A2970CB3041D
:10C82800270303A9470C33791901B3C4B402BD889F
:10C83800C204B364990023A2970C93046002B30462
:10C84800970203A9470C33790901B3C4B4023346EC
:10C85800B602BD88D204B364990023A2970C83A4BE
:10C86800470CE98C3D8A6206458E23A2C70C03A6B5
:10C87800470C9314C7013376D601458E23A2C70C03
:10C88800130690023306C70283A4870CC198334667
:10C89800B6023D8A458E23A4C70C1306A0023306B0
:10C8A800C702B345B60203A6870C1376F6F0BD8916
:10C8B8009205D18D23A4B70C9785FF1F83C5850DDD
:10C8C8001786FF1F0346860D3386C540B304A603AB
:10C8D80003A9870C3379C901B3C4E40293E4840043
:10C8E800BD88A204B364990023A4970CB304E6039B
:10C8F80003A9870C33796900B3C4E40293E4840084
:10C90800BD88B204B364990023A4970C931436002D
:10C91800B3C4E40203A9870C3379190193E48400B2
:10C92800BD88C204B364990023A4970CB304F6032A
:10C9380003A9870C33790901B3C4E40293E48400A2
:10C94800BD88D204B364990023A4970CB30456029B
:10C9580003A9870C3379A900B3C4E40293E48400E3
:10C96800BD88E204B364990023A4970CB30476024B
:10C9780003A9870C3379D901B3C4E40293E4840092
:10C98800F204B364990023A4970C93142600B3C44B
:10C99800E40203A9C70C137909FF93E48400BD8856
:10C9A800B364990023A6970CB304860203A9C70CA5
:10C9B8001379F9F0B3C4E40293E48400BD889204C7
:10C9C800B364990023A6970C93141600B3C4E40229
:10C9D80003A9C70C3379C9013347E60293E48400FD
:10C9E800BD88A204B364990023A6970C03A6C70CBC
:10C9F80033766600136787003D8B3207518F23A675
:10CA0800E70C03A7C70C3377170123A6E70C03C766
:10CA1800518B0D8F3346D70293F5F507E2053D8A12
:10CA28009314460103A6C70C330487023376060124
:10CA3800458E23A6C70C1316170083A4C70CE98CD0
:10CA48003346D6023D8A6206458E23A6C70C03A646
:10CA5800C70C3344D402B37ED60113162700B303A0
:10CA68007702720433E48E0023A6870C3346D6027D
:10CA7800B3025702937EF60003A6070D419A336668
:10CA8800D60123A8C70C03A6070DB3C3D302137698
:10CA9800F6F0B3C2D20293F3F3009203B3637600C5
:10CAA80023A8770C03A6070D337EC601B30FF7033F
:10CAB80093F2F200A202B3625E0023A8570C03A609
:10CAC800070D3373660013163700B3CFDF02330F39
:10CAD800E70393FFFF00B20FB36FF30123A8F70D2D
:10CAE80003A3070DB37813013346D602330DA7030A
:10CAF8003D8A420633E6C80023A8C70C03A6070DE3
:10CB080033780601334FDF02B346DD02137FFF009F
:10CB1800520F336FE80123A8E70D03A7070D798D9E
:10CB2800BD8AE206C98E23A8D70CD84385663D9BEB
:10CB3800D8C3D843799BD8C39857558F98D7D85717
:10CB4800B7060081FD1613670701D8D71377FC03D2
:10CB580003AC8703137C0CFC336CEC0023AC870319
:10CB6800985F758FD98D8CDF6254F250D254425938
:10CB7800B259225A925A025BF24B624CD24C424D45
:10CB8800B24D216182809787FF1F23A707E06FF0CE
:10CB98004FC19787FF1F9387A7E098435C4393E7AC
:10CBA80007105CC382809787FF1F938727E7178743
:10CBB800FF1F130727E69C43184301456313F7003B
:10CBC800828083D6670081E683D6470036959C43EA
:10CBD800F5B79787FF1F938767CE8C431787FF1F8B
:10CBE800035707CE4111138605229787FF1F23A7F6
:10CBF800C7E2938785FFBA9705659786FF1F23AB22
:10CC0800F6E006C61D05935637006374E5009306E3
:10CC180000203307D6001785FF1F232FE5DE23A04A
:10CC2800E522E1162312D600231306001CC3998FB0
:10CC3800E1172312F70023130700B537B24097878F
:10CC4800FF1F2394A7C2410182801787FF1F034754
:10CC5800D7CD9547630BF7009787FF1F938787CC3E
:10CC680083C777000D47631FF7009787FF1F83C7A8
:10CC7800F7CB63970714930770101787FF1F2317C5
:10CC8800F7CA828001119787FF1F9387A7D90D459F
:10CC980026CA4AC806CE03A9070922CC4EC69784DD
:10CCA800FF1F9384E4C7EFD00FC39840B7C7898E9E
:10CCB800938767ED1CC7B7575500938757555CC3D3
:10CCC8000347A9039307F00F6305F700FD57230DEA
:10CCD800F9029789FF1F938969C703A70900854748
:10CCE800A30CF9025C430145014693E717005CC3B6
:10CCF800930720FB2303F9009D471787FF1FA3060F
:10CD0800F7C29787FF1F238F07C0930550029787A5
:10CD1800FF1F238B07C01784FF1F130464C8EFD0BD
:10CD28004FA0184001455C57F59B5CD783475900D5
:10CD3800944013F7F7079C4293F707F8D98F9CC2E2
:10CD48009787FF1F83C707BD91C79787FF1F9387E3
:10CD5800E7DF8843EFC0FFA99840B70633001C43BC
:10CD680093F7F7CF1CC31C4393F7F7CF93E707203C
:10CD78001CC31C409847558F83A6090098C73707DE
:10CD8800030013078715B8CA1787FF1FA30E07B834
:10CD98001787FF1FA30807B8054798C2D84313771A
:10CDA800F7EFD8C30100010018405C4393E7071070
:10CDB8005CC3F2406244D2444249B2490561828070
:10CDC80082801787FF1F034757B69547630BF70005
:10CDD8009787FF1F938707B583C777000D47631FA2
:10CDE800F7009787FF1F83C777B4639F07109307E0
:10CDF80060101787FF1F231BF7B2828041119787A6
:10CE0800FF1F938727C2194522C426C2E05F06C6C2
:10CE18004AC0EFD04FAC9787FF1F938767B0944302
:10CE280037C7898E130767ED98C63757550013071C
:10CE38005755D8C2034724029306F00FBE846307F0
:10CE4800D700FD57A300E4022301F40203451402AE
:10CE580089476303F50001451789FF1F130909AFC7
:10CE68000327090001469305F00F5C4393E7170079
:10CE78005CC3930710FA2305F40099471787FF1F2F
:10CE8800A305F7AA9787FF1F238E07A89787FF1F79
:10CE9800238C07A8EFD0EF889787FF1F938747B0A9
:10CEA8009443DC56F59BDCD69C40034794001376EC
:10CEB800F7079843137707F8518F98C39843137768
:10CEC800F7CF98C398431377F7CF1367072098C312
:10CED8009C4637073300B240D98F032709009CC608
:10CEE800B7070300938787153CCB9787FF1FA38D50
:10CEF80007A29787FF1FA38707A2224485471CC361
:10CF080092440249410182808280014863C6050E2D
:10CF180063DB06003306C040B337C000B306D04019
:10CF28001348F8FF9D8EB6873283AA8EAE88639128
:10CF3800061863FCC50C41676361E61EB70700016C
:10CF48006365F63693568601E147172700001307F5
:10CF58006730369703470700BA97130700021D8FFB
:10CF680019CBB395E500B357F5003313E600B3E8E2
:10CF7800B700B31EE50013560301B3D7C8029316D2
:10CF88000301C18213D70E01B3F5C8023385F60237
:10CF9800C205B3E8E50063FAA8009A981387F7FF7B
:10CFA80063E4680063E9A832BA87B388A840B3D5B8
:10CFB800C802C20E93DE0E01B3F8C802B386B602E9
:10CFC800C208B3E8D80163FBD8009A981387F5FF25
:10CFD80063E56800F91563E3D800BA85139507017E
:10CFE8004D8D8145630908003305A040B337A00083
:10CFF800B305B0409D8D82803305A040B337A000B3
:10D00800B305B0409D8D7D5821B701E605433353E4
:10D01800D3024167636AE30EB7070001636BF32825
:10D0280093568301E147172700001307A722369775
:10D0380003470700BA97130700021D8F65EB931883
:10D048000301B3866540135F030193D80801854542
:10D0580013D70E01B3D7E603B3F6E60333861703F7
:10D06800C206558F637AC7001A979386F7FF6364E1
:10D0780067006365C726B687118FB356E703C20EEC
:10D0880093DE0E013377E703B3881603420733674D
:10D09800D701637B17011A971386F6FF636567004C
:10D0A800F91663631701B28613950701558D1DBFE5
:10D0B80063E1D504C16763E1F604B707000163E2E1
:10D0C800F61E93D886016147972700009387871833
:10D0D800C69703C30700930700023A93B3876740D4
:10D0E800E9EB63ECB61C3335C500134515008145E3
:10D0F800D5BD81450145FDB59307F00F63F2D71CF7
:10D1080093D886002147C9B71307F00F9A86E37CA6
:10D1180067F093568300A14739B71307F00FB2861B
:10D12800E375C7E293568600A14705B53313E300BC
:10D1380033D6F500135F0301335EE603B396E500CB
:10D14800B357F500DD8E9318030193D80801B31E79
:10D15800E50093D50601B377E6033387C803C20712
:10D16800CD8F63FBE7009A971306FEFF63E367160C
:10D1780063F1E716791E9A97998F33D6E7031397C9
:10D1880006014183B3F7E7033385C8029396070185
:10D19800D98E63FBA6009A969307F6FF63E766129B
:10D1A80063F5A61279169A9693150E01898ED18D7C
:10D1B80045B533576600B396F600D98EB3D86500E7
:10D1C80013DF0601B3DEE803139E0601335365003F
:10D1D800135E0E01B395F500B365B30013D70501CF
:10D1E8003316F600B3F8E8033303DE03C20833E767
:10D1F800E800637B670036979388FEFF6369D70C66
:10D208006377670CF91E3697330767403353E70394
:10D21800C205C1813377E703B3086E024207D98D8F
:10D2280063FB1501B6951307F3FF63EED50863FC9E
:10D2380015097913B695C20E416FB3EE6E00130748
:10D24800FFFFB3F6EE0013D30E01718F4182338EC8
:10D25800E602B3851541B386C60293580E0133071B
:10D26800E302BA96C6963306C30263F3E6007A96DB
:10D2780013D306011A9663E2C5026385C500768555
:10D2880081458DB341677D17F98EC206337EEE0066
:10D29800B317F500F296E3F4D7FE1385FEFF814538
:10D2A80091B393D80601414705B593560601C14786
:10D2B80069B993560301C147BDB3814505451DB3FF
:10D2C800B688014711B53A83BDB73E86F1BDC68E13
:10D2D80025BF328E55B5F9179A98C1B9F9171A971B
:10D2E80061BBB687B2882A832E88639D061463F9CA
:10D2F800C50A4167636EE61AB70700016363F6342F
:10D3080093568601E147172700001307A7F43697BD
:10D3180003470700BA97130700021D8F19CB3398EC
:10D32800E500B357F500B318E60033E807013313F7
:10D33800E50013D608013355C80293960801C18247
:10D34800935703013377C802B385A60242073368AF
:10D35800F700637AB80046989307F5FF63641801ED
:10D368006367B8303E853308B8403357C802420374
:10D37800135303013378C802B386E60242083368C0
:10D388006800637BD80046989307F7FF6365180128
:10D3980079176363D8003E874205598D814582809D
:10D3A80001E60547B358C702416763EAE80EB707C5
:10D3B800000163ECF82893D68801E147172700009D
:10D3C800130747E9369783460700BE96930700027E
:10D3D800958FE5EB939E08013387154113DF08010C
:10D3E80093DE0E018545935703013355E7033377E1
:10D3F800E703B306D5034207D98F63FAD700C69768
:10D408001307F5FF63E4170163E6D7263A85958F7E
:10D4180033D7E703420313530301B3F7E703B30E0C
:10D42800D703C207B3E7670063FBD701C697930624
:10D43800F7FF63E51701791763E3D70136874205DC
:10D44800598D828063E2D504C16763E2F604B707A9
:10D45800000163E4F61E13D7860161489727000090
:10D46800938747DFBA9703C70700130E0002429756
:10D47800330EEE40631A0E0C63EDB61C3335C5004F
:10D4880013451500814582808145014582809307B7
:10D49800F00F63F3D71C13D786002148C1B71307D1
:10D4A800F00FC686E37C17F193D68800A14739B7F9
:10D4B8001307F00FB286E378C7E493568600A147B6
:10D4C80099B5B398F80033D6D50013DF0801335E59
:10D4D800E6033397F500B356D500558F939E0801A0
:10D4E80093DE0E013313F50093550701B376E60377
:10D4F800B387CE03C206CD8E63FBF600C69613062D
:10D50800FEFF63E4161763F2F616791EC6969D8E23
:10D5180033D6E60393170701C183B3F6E6033385D1
:10D52800CE02139706015D8F637BA700469793078A
:10D53800F6FF636817136376A71279164697931553
:10D548000E01098FD18D45B5B357E600B396C601D4
:10D55800DD8E33D3E50013DF0601B357E303939E53
:10D56800060193DE0E013398C5013357E500336891
:10D578000701935808013316C6013373E303B385D3
:10D58800FE024203B368130163FBB800B698138721
:10D59800F7FF63EAD80C63F8B80CF917B698B388A4
:10D5A800B84033D7E803420813580801B3F8E80332
:10D5B8003383EE02C208B3E5080163FB6500B69544
:10D5C8001308F7FF63EDD50863FB65087917B6956F
:10D5D800C207416FD98F1307FFFFB3F6E70093D84F
:10D5E8000701718F4182B38EE602B3856540B38629
:10D5F800C60213D80E013387E802BA96C29633865C
:10D60800C80263F3E6007A9693D80601469663E269
:10D61800C5026385C5003E858145828041677D17C7
:10D62800F98EC206B3FEEE003315C501F696E37413
:10D63800D5FE1385F7FF8145828013D7060141483F
:10D6480031BD93560601C1477DB993D60801C1473C
:10D65800B5B38145054582803687014801B54287C3
:10D6680085BF3E86E9BDBA871DBF328E4DB5791597
:10D678004698D5B97915C69759BB01476314E60092
:10D6880001458280B307E5000507B386E50083C737
:10D69800070083C6F6FFE383D7FE3385D740828031
:10D6A800B3C7A5008D8B3307C50081E78D4763EEAF
:10D6B800C700AA876370E50A83C605008507850544
:10D6C800A38FD7FEE3EAE7FE828093763500AA8728
:10D6D80091CA83C6050085078505A38FD7FE93F6F3
:10D6E8003700FDB79376C7FF138606FE63F0C706BB
:10D6F80083A3050083A2450083AF850003AFC5005F
:10D7080083AE050103AE450103A3850183A8C501C6
:10D718009385450223A0770003A8C5FF23A25700DD
:10D7280023A4F70123A6E70123A8D70123AAC70149
:10D7380023AC670023AE17019387470223AE07FF88
:10D7480075B790419107910523AEC7FEE3EBD7FE6D
:10D75800E3E4E7F6828039713EDA2ED232D436D647
:10D768003AD842DC46DE9387018422CC804326CA1D
:10D7780006CEAA8409C41C4C99E32285252B0C44A7
:10D7880054102686228536C6EF00B018F24062444F
:10D79800D24421618280011126CA4AC806CE22CC11
:10D7A8004EC652C4AA842E8901C51C4D91E3192383
:10D7B8009C4C804499E32685F52997270000938798
:10D7C80067BB631CF402C0408357C400A18BB1C778
:10D7D8001C48A1C7FD59294A1C4483450900FD1767
:10D7E800B1E91CC463DE07062286A9452685792887
:10D7F800FD576308F502294535A097270000938750
:10D8080067B96314F4008044C1B797270000938771
:10D8180067B4E31BF4FAC04445BFA28526853D22C0
:10D8280055D97D55F2406244D2444249B249224A10
:10D83800056182801CC4050963D70700184C63CBB7
:10D84800E700638945011C401387170018C023802F
:10D85800B70059B7228626851528E31F35F7D1B7B3
:10D868001C401387170018C029472380E70061B7B9
:10D8780093870184AA85884339BFAA87850703C788
:10D88800F7FF6DFF3385A7407D158280011122CCFB
:10D8980026CA4AC806CE4EC6AA842E89328401C535
:10D8A8001C4D91E30129972700009387A7AC6319C2
:10D8B800F406C0401C4C1CC48357C400A18BC9C3C8
:10D8C8001C48BDCF1C4808409379F90F1379F90F0C
:10D8D8001D8D5C486346F500A2852685652C2DE5DF
:10D8E8001C440505FD171CC41C401387170018C0ED
:10D8F800238037015C486389A7008357C400858B60
:10D9080081CBA9476316F900A285268561240DED10
:10D91800F24062444A85D2444249B2490561828054
:10D9280097270000938707A76314F400804459B72A
:10D9380097270000938707A2E31EF4F6C0449DBF13
:10D94800A285268521203DDD7D59D9B741119387D0
:10D95800018426C2844322C44AC006C62A892E846A
:10D9680089C49C4C99E32685B126972700009387A4
:10D9780067A0631CF402C0400317C4009317070193
:10D98800C18393F68700B5EE93F607019DEEA54790
:10D998002320F900136707042316E4007D55B240DD
:10D9A80022449244024941018280972700009387CC
:10D9B800679E6314F4008044C1B7972700009387DB
:10D9C8006799E31BF4FAC04445BF918B8DC74C5847
:10D9D80089C9930744046384F5004A85B923232A37
:10D9E80004028357C4002322040093F7B7FD2316CB
:10D9F800F4001C481CC08357C40093E78700231613
:10DA0800F4001C4881EF8357C4001307002093F7E4
:10DA180007286385E700A2854A858D298357C400B6
:10DA280013F7170005C75C4823240400B307F04028
:10DA38001CCC1C480145A5F78317C40013F7070839
:10DA480039DF93E707042316F40089BF898B014760
:10DA580091E3584818C4F1BF83D7C500011122CCFF
:10DA680026CA06CE4AC84EC613F78700AA842E8453
:10DA780071EFD841634DE000B841634AE0000145C9
:10DA8800F2406244D2444249B24905618280585406
:10DA98007DD703A904009396370123A0040063DD12
:10DAA800060670488357C400918B99C75C401D8E49
:10DAB8005C5899C33C401D8E5C540C5081462685A9
:10DAC8008297FD570357C400631DF5009440F5473E
:10DAD80063E8D706B70740208507B3D7D700858BFB
:10DAE800A5C31C48232204001CC09317370163D820
:10DAF8000700FD576314F5009C4091E368C84C5833
:10DB080023A02401ADDD930744046384F500268532
:10DB18002929232A0402A5B70C50014685462685E3
:10DB28000297FD572A86E31FF5F69C40A5DF754747
:10DB38006385E70059476394E70423A0240181B76C
:10DB4800136707042316E4007D551DBF83A905014B
:10DB5800E38709F203A905008D8B23A0350133095A
:10DB68003941014791E3D84918C4E35A20F11C54BC
:10DB78000C50CA864E86268582976349A000835733
:10DB8800C40093E707042316F4007DBFAA9933095C
:10DB9800A940E1BF9C49A5C3011122CC06CE2A8425
:10DBA80011C51C4D81E72EC63122B24597170000DA
:10DBB8009387477C639CF5004C408397C5009DC7BD
:10DBC80022856244F24005616FF01FE99717000053
:10DBD8009387477C6394F5000C44C5B797170000FA
:10DBE80093874777E39BF5FC4C44C1BFF2406244FE
:10DBF80001450561828001458280411122C406C623
:10DC08002A842316B5002317C500232005002322E4
:10DC18000500232405002322050623280500232ABE
:10DC28000500232C0500214681451305C505EF3065
:10DC38005FFF97170000938747B65CD097170000DF
:10DC48009387A7B81CD4971700009387E7BC5CD4C8
:10DC5800971700009387A7BF00D01CD8B240224472
:10DC68004101828097050000938505F3A9AA411117
:10DC780026C2130680069384F5FFB384C4024AC003
:10DC88002E8922C406C693854407A1262A8401CD7D
:10DC98002320050023222501310508C413868406A4
:10DCA8008145EF301FF82285B24022449244024950
:10DCB800410182801C4DB5E7411106C622C4970771
:10DCC8000000938767FA1CD5971700009387C772DF
:10DCD8009C432324050423260504232805046314F0
:10DCE800F50085471CCD2A84352848C022851D2883
:10DCF80008C42285052848C4484001469145EFF0EC
:10DD0800DFEF08440546A545EFF03FEF48440946D4
:10DD1800C945EFF09FEE85471CCCB2402244410133
:10DD2800828082804111971700009387E76C26C292
:10DD380084434AC006C69C4C22C42A8999E3268596
:10DD4800953F938484048044DC40FD1763D6070024
:10DD58009C40B9CF8440C5BF0317C40039E7C177D9
:10DD680085072322040623200400232204002324F9
:10DD780004005CC423280400232A0400232C040084
:10DD8800214681451305C405EF30BFE9232A040263
:10DD9800232C040223240404232604042285B240ED
:10DDA800224492440249410182801304840671BFCF
:10DDB80091454A85EFF0BFEB88C049FDB147232064
:10DDC800F9000144E1BF797122D44AD052CC56CA35
:10DDD8005AC85EC606D626D24ECE2A8AAE8A130402
:10DDE80085040149054BFD5B09ECB25022544A8574
:10DDF80092540259F249624AD24A424BB24B4561A7
:10DE08008280044483294400FD1963D4090000403A
:10DE1800E1BF83D7C400637BFB008397E40063877B
:10DE28007701A6855285829A3369A900938484066E
:10DE3800E1BF1971A6DAAE848395E500A2DC86DE1F
:10DE4800328463DC050083D7C40023A0060093F75F
:10DE5800070885E7930700401DA0300836C6EF0085
:10DE68009025B246E34105FE7247BD67F98F797781
:10DE7800BA9793B717009CC2F1BF930700041CC060
:10DE8800F6506654D65401450961828083D7C5008F
:10DE9800011122CC06CE26CA4AC8898B2E8489CF86
:10DEA800930774041CC01CC885475CC8F2406244D0
:10DEB800D24442490561828074003000AA84953FAB
:10DEC800A2452A892685312201ED8317C40013F75C
:10DED800072069FFF19B93E727002316F400C9B7D1
:10DEE80097070000938747D89CD48357C40008C07D
:10DEF80008C893E707082316F400A2475CC8B2478E
:10DF080091CF8315E4002685EF00101E01C98357C1
:10DF1800C400F19B93E717002316F4008357C4004D
:10DF28003369F9002316240151B7DDC183A7C5FF62
:10DF3800411122C406C626C21384C5FF63D3070055
:10DF48003E94AA84EF0030229387818B9C4381EF13
:10DF58002322040023AC818A2244B24026859244BD
:10DF680041016F007020637EF40014403307D40031
:10DF78006396E7009843DC43369718C05CC0D9BF66
:10DF8800BA87D84319C3E37DE4FE94433386D700A8
:10DF9800631F86001040B29694C33386D700E31DF2
:10DFA800C7FA10435843B29694C3D8C375B763757C
:10DFB800C400B1479CC04DB71040B306C4006316F7
:10DFC800D70014435843B29614C058C0C0C369B7A9
:10DFD8008280011126CA93843500F19806CE22CC9E
:10DFE8004AC84EC6A104B14763F3F404B14463E2DE
:10DFF800B4042A89EF0030179387818B98433A84B9
:10E0080039E09387C18B9C4391E781454A85992FD5
:10E0180023AEA18AA6854A85B127FD59631935071C
:10E02800B1472320F9004A85EF00101429A0E3D056
:10E0380004FCB1471CC10145F2406244D244424944
:10E04800B249056182801C40858F63CF0702AD46C7
:10E0580063F6F6001CC03E9404C031A05C40631314
:10E06800870223ACF18A4A85EF0010101305B4002B
:10E078009307440061993307F5405DDF3A94898F2F
:10E088001CC05DBF5CC3C5B72287404095BF130461
:10E0980035007198E30285FCB305A4404A85D9256B
:10E0A800E31C35FBB5BF1C46FD171CC663DA070029
:10E0B800184E63C5E700A9476394F5006FF00FFD9C
:10E0C8001C422E851387170018C22380B700828050
:10E0D800011122CC26CA4AC84EC652C406CE2A8985
:10E0E800AE893284B304D6007D5A63149400014586
:10E0F80009A8834504004E864A8575370504E3164A
:10E1080045FFF2406244D2444249B249224A05617D
:10E118008280357122CD26CB4AC94EC706CF52C55B
:10E1280056C35AC1DEDEE2DCE6DAAA89AE84328959
:10E13800368409C51C4D99E3EFF0DFB79717000047
:10E1480093874723639CF40C83A4490083D7C400B6
:10E15800A18BFDC79C48EDC793070002A304F102F9
:10E168009307000302D22305F10222C6930B500243
:10E17800971A0000938A0A24054C294B4A8483473E
:10E18800040099C36391770FB30C2441638E0C008C
:10E19800E6864A86A6854E85EFF09FF3FD5763060F
:10E1A800F51E9256E69636D283470400638F071C05
:10E1B800FD571309140002C802CE3ECA02CCA309B7
:10E1C800010482D483450900154656854127130466
:10E1D8001900C24759E913F7070109C713070002D5
:10E1E800A309E10413F7870009C71307B002A309BD
:10E1F800E104834609001307A0026380E608F2479A
:10E208004A848146254603470400930514001307F2
:10E2180007FD6379E60AB5CA3ECE85A897170000C0
:10E22800938747176395F40083A4890005B7971768
:10E23800000093872712E39BF4F083A4C90039B741
:10E24800A6854E85EFF08FF001D97D55FA406A44D6
:10E25800DA444A49BA492A4A9A4A0A4BF65B665C42
:10E26800D65C0D618280050419BF3305554133150D
:10E27800AC00C98F3EC82289B1B732479306470020
:10E28800184336C6634907023ACE0347040093078A
:10E29800E002631FF704034714009307A002631BFF
:10E2A800F702B2470904138747009C433AC663C183
:10E2B80007023ECA35A83307E04093E727003ACE65
:10E2C8003EC8E1B7B387670385462E84BA9725BF52
:10E2D800FD57C5B7050402CA81468147254603474D
:10E2E800040093051400130707FD6376E606F1F2B0
:10E2F800834504000D46171500001305250CB925A4
:10E3080011CD971700009387670B1D8D93070004A5
:10E31800B397A700424505045D8D2AC883450400CC
:10E328001946171500001305A5091309140023043D
:10E33800B102292D3DC19727FFFF938727CC95E789
:10E348004247B2471377071009CF91073EC6925745
:10E35800D2973ED225B5B387670385462E84BA97F0
:10E36800BDBF9D07E19BA107D5B7780097060000C0
:10E37800938646D626860C084E8597000000E7004F
:10E388000000FD572A8AE314F5FC83D7C40093F7ED
:10E398000704E39C07EA125555BD7800970600006C
:10E3A800938646D326860C084E85012AD9BF7971F3
:10E3B80056CA9C49BA8A984522D426D24ECE52CC07
:10E3C80006D64AD05AC85EC6AA892E84B284368A2E
:10E3D80063D3E700BA879CC00347340419C3850791
:10E3E8009CC01C4093F7070281C79C4089079CC0CA
:10E3F8000329040013796900631A0900130B9401B7
:10E40800FD5B5C449840998F634CF9041C4083463B
:10E41800340493F70702B336D000A5EB130634048F
:10E42800D2854E85829AFD576303F5041C40114638
:10E438009840998B544481446397C700B384E6405D
:10E4480063D3040081441C4418486354F700998F2F
:10E45800BE94014969047D5B63982405014509A8B8
:10E4680085465A86D2854E85829A631E75017D55EA
:10E47800B250225492540259F249624AD24A424B4B
:10E48800B24B456182800509ADBF3307D40013063E
:10E498000003A301C7040347540493871600A297F7
:10E4A8008906A381E7049DBF85462286D2854E85CD
:10E4B800829AE30E65FB050945B7797122D426D205
:10E4C8004AD04ECE06D652CC56CA5AC8B68983C64A
:10E4D8008501930790063289AA842E841386350411
:10E4E800638DF60263E2D706930780056388F61802
:10E4F80063EDD7006381062293073004638EF60A22
:10E50800930A24042301D404C9A093073006638521
:10E51800F60A93074006E395F6FE1C40084393F677
:10E52800070893054500C5C61C410CC363D80700FE
:10E538001307D002B307F040A301E40497160000C4
:10E54800938686E829476DA8930700076384F61623
:10E5580063E5D7029307E006638BF6189307F00686
:10E56800E390F6FA0C401C4313F80508138547009E
:10E578006307080608C39C438DA893075007E383E5
:10E58800F6FE93078007638BF61293073007E3992B
:10E59800F6F61C43D04181459386470014C383AAED
:10E5A80007005685652601C53305554148C05C40BE
:10E5B8001CC8A301040471A81C43930A240493866D
:10E5C80047009C4314C32301F4048547D5B793F649
:10E5D80007041C410CC3B9DAC207C18781BF93F590
:10E5E800050408C3C9D983D707001307F006638851
:10E5F800E60E97160000938626DD2947A30104043A
:10E608004C400CC463C5050008406D9908C099E3E7
:10E61800B28A91CDB28AB3F5E702FD1AB69583C5E1
:10E6280005002380BA00B3D5E70263F0E70CA147E1
:10E63800631EF7001C40858B91CB58401C4863C76C
:10E64800E70093070003A38FFAFEFD1A330656412D
:10E6580010C84E87CA867000A2852685EFF03FD580
:10E668007D5A631E450B7D55B2502254925402596F
:10E67800F249624AD24A424B45618280A382D5045C
:10E6880097160000938646D40C40084313F80508F3
:10E698001C411105630D080208C313F7150001C7D3
:10E6A80093E505020CC04147B1FB0C4093F5F5FD1D
:10E6B8000CC0A9B79C4193E707029CC19307800748
:10E6C800A302F40497160000938646D175BF13F889
:10E6D800050408C3E30308FCC207C1837DBF97167E
:10E6E8000000938666CE214711BFAE872DB79441AF
:10E6F8001C43CC4913F80608138547006306080035
:10E7080008C39C438CC301A808C393F606049C4322
:10E71800F5DA2390B70023280400B28A1DBF1448F5
:10E728005686CA8526858299E30F45F31C40898B56
:10E738008DE7B2474844E359F5F23E8535B785463B
:10E748005686CA8526858299E30F65F1050A5C44D9
:10E758003247998FE345FAFEE9BF014A930A9401CB
:10E768007D5BF5B7411122C42A842E859767FF1F68
:10E7780023A2073E06C6EF50DFAAFD576319F5002E
:10E788009767FF1F9387073D9C4391C31CC0B24006
:10E79800224441018280411122C42E848395E500E0
:10E7A80006C6E122634905007C48AA977CC8B240A6
:10E7B8002244410182808357C4007D777D17F98FF9
:10E7C8002316F400EDB783D7C500011122CC26CA61
:10E7D8004AC84EC606CE93F70710AA842E843289FB
:10E7E800B68991C78395E500894601463522835746
:10E7F800C4007D777D17F98F2316F4008315E40094
:10E808006244F240CE864A86B24942492685D244BD
:10E8180005613DA8411122C42E848395E50006C6F2
:10E82800E528FD570357C400631BF500FD77FD1766
:10E83800F98F2316F400B240224441018280856793
:10E84800D98F2316F40068C8FDB78395E50025A87D
:10E85800411122C42A842E85B28536869767FF1F08
:10E8680023AA072E06C6EF505F99FD576319F500D6
:10E878009767FF1F9387072E9C4391C31CC0B24024
:10E88800224441018280411122C42A842E8597673F
:10E89800FF1F23A1072C06C61922FD576319F5008F
:10E8A8009767FF1F9387072B9C4391C31CC0B240F7
:10E8B800224441018280411122C42A842E85B285D6
:10E8C8009767FF1F23A8072806C6D520FD57631999
:10E8D800F5009767FF1F9387E7279C4391C31CC0E8
:10E8E800B240224441018280411122C42A842E85EB
:10E8F8009767FF1F23A0072606C6D120FD57631977
:10E90800F5009767FF1F9387E7249C4391C31CC0BA
:10E91800B240224441018280411122C42A842E85BA
:10E92800B28536869767FF1F23A6072206C64520AD
:10E93800FD576319F5009767FF1F9387A7219C432D
:10E9480091C31CC0B24022444101828093F5F50F67
:10E958002A966314C5000145828083470500E38D2C
:10E96800B7FE0505FDB782808280411122C42A8442
:10E978002E85B28536869767FF1F23AD071C06C60E
:10E98800B928FD576319F5009767FF1F9387871C00
:10E998009C4391C31CC0B24022444101828093072A
:10E9A80080051767FF1F2327F71A7D558280930775
:10E9B80080051767FF1F232FF7187D55828093075F
:10E9C80080051767FF1F2327F718014582809307E3
:10E9D80080051767FF1F232FF7167D558280930741
:10E9E80080051767FF1F2327F7167D5582800000D3
:10E9F8000A2A2A2A2A2A2A2A2A2A2A2A2A2A2A2A8F
:10EA08002A2A2A2A2A2A2A2A2A2A2A2A2A2A2A2A5E
:10EA18002A2A2A2A2A00000031363A32323A343673
:10EA28000000000053657020203420323032360058
:10EA38005B646174613A25735D5B74696D653A2541
:10EA4800735D0A002A2A2A2A2A2A2A2A2A2A2A2AEC
:10EA58002A2A2A2A2A2A2A2A2A2A2A2A2A2A2A2A0E
:10EA68002A2A2A2A2A2A2A2A000000005B424F4F13
:10EA7800545D20726F6C653D4441504C696E6B006B
:10EA880068EE000070EE00007CEE000084EE0000EE
:10EA980090EE0000A4EE0000B0EE00006CED000067
:10EAA800C0EE0000CCEE0000D4EE00006CED0000DB
:10EAB8006CED00006CED00006CED00006CED0000EA
:10EAC800E0EE0000ECEE0000F8EE000008EF0000B9
:10EAD80018EF000028EF000038EF000044EF0000B6
:10EAE80054EF000060EF000070EF00007CEF0000C2
:10EAF80088EF00009CEF00006CED00006CED00005A
:10EB08006CED00006CED00006CED00006CED000099
:10EB18006CED00006CED00006CED00006CED000089
:10EB28006CED00006CED00006CED00006CED000079
:10EB38006CED00006CED00006CED00006CED000069
:10EB48006CED00006CED00006CED00006CED000059
:10EB58006CED00006CED00006CED00006CED000049
:10EB68006CED00006CED00006CED00006CED000039
:10EB78006CED00006CED00006CED00006CED000029
:10EB88006CED00006CED00006CED00006CED000019
:10EB98006CED00006CED00006CED00006CED000009
:10EBA8006CED00006CED00006CED00006CED0000F9
:10EBB8006CED00006CED00006CED00006CED0000E9
:10EBC8006CED00006CED00006CED00006CED0000D9
:10EBD8006CED00006CED00006CED00006CED0000C9
:10EBE8006CED00006CED00006CED00006CED0000B9
:10EBF8006CED00006CED00006CED00006CED0000A9
:10EC08006CED00006CED00006CED00006CED000098
:10EC18006CED00006CED00006CED00006CED000088
:10EC28006CED00006CED00006CED00006CED000078
:10EC38006CED00006CED00006CED00006CED000068
:10EC48006CED00006CED00006CED00006CED000058
:10EC58006CED00006CED00006CED00006CED000048
:10EC68006CED00006CED00006CED00006CED000038
:10EC78006CED00006CED0000A8EF0000B8EF00009C
:10EC8800050F2100011C100500DF60DDD88945C78C
:10EC98004C9CD2659D9E648A9F00000306AA0020B2
:10ECA800000000004F555400494E00005458000021
:10ECB8005258000009026200030100806409040040
:10ECC8000002FF000002070501024000000705815D
:10ECD80002400000080B01020202000009040100C2
:10ECE80001020200000524001001052401000204AD
:10ECF80024020205240601020705830308000A0905
:10ED0800040200020A000000070504024000000790
:10ED18000584024000000000601D00006A1D00001C
:10ED28000000000000000000741D0000000000004A
:10ED38001C1C002000000000EC1B00201201100227
:10ED4800EF020140280D0402000101020301000046
:10ED58003031323334353637383941424344454609
:10ED680000000000556E6B6E6F776E005B4441507B
:10ED78002025735D20636D643D3078253032582836
:10ED8800257329206C656E3D256C753A00000000DE
:10ED980020253032580000000D0000005B5541521C
:10EDA80054302025735D20256C7520627974653A8E
:10EDB800000000000A00000000000306AA00080086
:10EDC80002000000A0001400030057494E555342AA
:10EDD800000000000000000000008400040007009C
:10EDE8002A00440065007600690063006500490058
:10EDF8006E007400650072006600610063006500C3
:10EE080047005500490044007300000050007B0093
:10EE180043004400420033004200350041004400F2
:10EE28002D0032003900330042002D003400360036
:10EE3800360033002D0041004100330036002D001C
:10EE480031004100410045003400360034003600EE
:10EE580033003700370036007D0000000000000056
:10EE6800496E666F00000000486F737453746174D4
:10EE780075730000436F6E6E656374004469736355
:10EE88006F6E6E65637400005472616E73666572AE
:10EE9800436F6E6669677572650000005472616E33
:10EEA80073666572000000005472616E7366657265
:10EEB800426C6F636B000000577269746541424F82
:10EEC8005254000044656C61790000005265736516
:10EED800745461726765740053574A5F50696E7362
:10EEE8000000000053574A5F436C6F636B000000DB
:10EEF80053574A5F53657175656E6365000000007E
:10EF08005357445F436F6E6669677572650000000A
:10EF18004A5441475F53657175656E63650000002B
:10EF28004A5441475F436F6E6669677572650000B2
:10EF38004A5441475F4944434F44450053574F5F44
:10EF48005472616E73706F727400000053574F5F94
:10EF58004D6F64650000000053574F5F4261756450
:10EF6800726174650000000053574F5F436F6E7401
:10EF7800726F6C0053574F5F537461747573000060
:10EF880053574F5F457874656E6465645374617454
:10EF98007573000053574F5F4461746100000000AF
:10EFA8005175657565436F6D6D616E647300000022
:10EFB80045786563757465436F6D6D616E64730044
:10EFC80041726D00434D5349532D444150207632D0
:10EFD80000000000E81B0020C8EF0000CCEF000094
:10EFE800741B0020CCEF00005B52465D20696E69FF
:10EFF8007469616C697A6174696F6E206661696CA5
:10F00800656400005B504149525D20726573746FFE
:10F018007265643A206368616E6E656C3D25752083
:10F0280069643D25303878253038780A00000000BA
:10F038005B504149525D204441504C696E6B206CD5
:10F04800697374656E696E67206F6E206368616EA0
:10F058006E656C20300000005B504149525D2069AC
:10F06800676E6F7265642C20525353493D256420A6
:10F0780064426D0A000000005B504149525D206106
:10F08800636365707465642C20525353493D25644D
:10F098002064426D2C206368616E6E656C3D257539
:10F0A8000A0000005B504149525D20636F6D706C2F
:10F0B8006574653A206368616E6E656C3D257520E0
:10F0C80069643D25303878253038780A000000001A
:10F0D8005B504149525D20666C61736820736176AC
:10F0E80065206661696C6564000000004348353935
:10F0F800785F424C455F4C49425F56312E340000E0
:10F10800686561642066696C65206572726F722E2D
:10F118002E2E00004C494220696E69742065727277
:10F128006F7220636F64653A202578202E2E2E0A90
:10F13800000000004A4DFFFF724DFFFF9A4DFFFF90
:10F14800B24DFFFFCC4DFFFFDC4DFFFF044EFFFF2C
:10F158002C4EFFFF444EFFFF5E4EFFFFB053FFFFF4
:10F168004E54FFFF7054FFFFA855FFFFC459FFFF1F
:10F17800025AFFFFA061FFFF4E65FFFFC664FFFF55
:10F18800BA55FFFFE455FFFF4E65FFFF4E65FFFFD1
:10F198004E65FFFF4E65FFFF4E65FFFFF055FFFF11
:10F1A8008657FFFFBA57FFFFE457FFFFB058FFFF2E
:10F1B8000C59FFFF6C59FFFF4E65FFFF4E65FFFFBF
:10F1C8004E65FFFF4E65FFFF4E65FFFF4E65FFFF73
:10F1D8000A58FFFF508FFFFFA48FFFFF2A8FFFFF02
:10F1E800A48FFFFF2A8FFFFFEC8FFFFF0C90FFFF1C
:10F1F8002A8FFFFFAC91FFFFCC91FFFF0690FFFF26
:10F208003090FFFF7890FFFF028FFFFF028FFFFF14
:10F21800028FFFFF3691FFFF028FFFFF028FFFFF74
:10F22800028FFFFF028FFFFF028FFFFF028FFFFF9A
:10F23800028FFFFF6491FFFF43483539785F424CE6
:10F24800455F4C49425F56312E342E320000000093
:10F258000001020203030303040404040404040475
:10F268000505050505050505050505050505050546
:10F278000606060606060606060606060606060626
:10F288000606060606060606060606060606060616
:10F2980007070707070707070707070707070707F6
:10F2A80007070707070707070707070707070707E6
:10F2B80007070707070707070707070707070707D6
:10F2C80007070707070707070707070707070707C6
:10F2D80008080808080808080808080808080808A6
:10F2E8000808080808080808080808080808080896
:10F2F8000808080808080808080808080808080886
:10F308000808080808080808080808080808080875
:10F318000808080808080808080808080808080865
:10F328000808080808080808080808080808080855
:10F338000808080808080808080808080808080845
:10F348000808080808080808080808080808080835
:10F3580000000000000000000000000000000000A5
:10F368000000000000000000000000000000000095
:10F378000000000000000000000000000000000085
:10F388000000000000000000000000000000000075
:10F398000000000000000000000000000000000065
:10F3A8000000000000000000000000000000000055
:10F3B800232D302B20000000686C4C0065666745E3
:10F3C8004647000030313233343536373839414218
:10F3D8004344454600000000303132333435363777
:10F3E800383961626364656600000000322E312E90
:08F3F80031000000881B002019
:10F4000030303030303030303030303030303030FC
:10F41000000000000000000078F3000098F30000F6
:10F4200058F3000000000000000000000000000091
:10F4300000000000000000000000000000000000CC
:10F4400000000000000000000000000000000000BC
:10F4500000000000000000000000000000000000AC
:10F46000000000000000000000000000000000009C
:10F47000000000000904000088EC000021000000EA
:10F48000840000008C1D000004000000921D00009C
:10F4900081000000A21F000001000000FC1E00000F
:10F4A00000C2010000000800BCED0000AA0020001E
:0CF4B0005C4B0020881B002000000000C6
:00000001FF
