:040000006F1050200D
:100004000000000000000000900000200A0300200F
:10001400A9BDF9F5A40700200000000000000000BD
:10002400A407002090000020000000000000000051
:10003400900000200000000090000020000000005C
:1000440090000020900000209000002090000020EC
:1000540090000020180C0020C003002000000000C5
:1000640090000020900000209000002090000020CC
:10007400C400002090000020900000209000002088
:1000840090000020900000209000002090000020AC
:1000940001A0411106C6972000E0E78060E7973091
:1000A40000E0E78060C8EF00B069F5B74111B71709
:1000B4000040985F3AC6945F3247E39CE6FE3245BF
:1000C40041018280B7170040130700032388E70229
:1000D400854723AAF18A730020304111B7170040E5
:1000E400985F3AC6945F3247E39CE6FE324541018D
:1000F4008280B7F707000111944B13078008F33788
:10010400078093F787083EC20F100000B71700401E
:100114001308700523800705930580FA2380B7042C
:100124000F10000003C6B7041376F60DA385C704A9
:10013400238007041246732606800F1000001376EE
:10014400050255CEF336078093F6860836C40F10A1
:100154000000238007052380B7040F100000B706B2
:1001640014007D89558D88C701000100010001003C
:1001740023800704A246F3A606800F1000007337FD
:100184000780137787083AC60F10000023800705FD
:100194002380B7040F1000000F1000003727004021
:1001A40093061005A303D78023800704B247F3A75F
:1001B40007800F10000093078008F3B7078093F7B8
:1001C40087083ECE0F100000B717004013077005D4
:1001D4002380E704130780FA2380E7040F1000004C
:1001E40003C7B70413670708A385E704238007043C
:1001F400F247F3A707800F10000005618280137691
:10020400050459C2733607801376860832C80F1066
:100214000000238007052380B7040F100000370671
:100224001400130606047D89518D88C7010001005E
:1002340001000100238007044246732606800F1044
:10024400000073370780137787083ACA0F1000003D
:10025400238007052380B7040F100000A54793F6F9
:10026400F60F639EF600B727004013073005A383FB
:10027400E780B717004023800704D2470DBFB72794
:10028400004013072005E5B7733707801377870805
:100294003ACC0F100000238007052380B7040F1009
:1002A400000098471367070C98C723800704E247A8
:1002B400FDBD0111814601468145114506CEC52B80
:1002C40093078008F3B7078093F787083EC60F109B
:1002D4000000B7170040130770052380E7041307D5
:1002E40080FA2380E7040F10000003C76704136734
:1002F40017002383E70423800704B247F3A707808A
:100304000F100000F24005618280411181460146D0
:1003140081451145692B13078008F337078093F74C
:1003240087083EC40F100000B7170040130670057D
:100334002380C704930680FA2380D7040F1000009B
:10034400FD552396B70223800704A245F3A5058033
:100354000F10000073370780137787083AC60F1011
:1003640000002380C7042380D7040F10000003C7B4
:100374006704136717002383E70423800704B24745
:10038400F3A707800F10000001A0BD473305F50255
:1003940001007D1575FD8280411122C426C206C666
:1003A400AA84014463179400B24022449244410158
:1003B400828005041305803E4204C13F4180DDB7BD
:1003C4000111A307010022CE26CC4ACA4EC83784A5
:1003D40000408347640093F7F70FA307F1008347B6
:1003E400F100898B638A0734834774001307000381
:1003F40093F707036389E708834474008347740011
:10040400BD8893F7070363820720130700026397ED
:10041400E706174900001309A9F5639F04129747DB
:10042400000083C7270D9D83EDCB8347240293C728
:1004340007042301F4028347240293F7C70F93E7C9
:1004440027002301F40283274901174600000346CD
:1004540066F26378F60A918F174700002324F7F2B7
:10046400832789013E969747000023AFC7F0930581
:1004740000080145975000E0E780E0ACB7870040F2
:1004840009472383E7003784004083477400E20769
:10049400E18763D8072E930720FC2301F4029744D5
:1004A40000009384E4EC83A5840C214617450000E6
:1004B40013054504979000E0E780C04E83874418F5
:1004C40063CA0700230004028347240293F7C70F7B
:1004D4002301F40237840040834724029745000037
:1004E40093854501014593F7370F93E7870023016F
:1004F400F402974000E0E780407889472303F40042
:1005040049A4032689013E969747000023AEC7E617
:100514009747000023A807E699BF17470000034741
:1005240077FD9547631BF7008347340003470900B1
:1005340093F70708D98FA301F4008347240293F7A4
:10054400C70F93E727002301F4028347240293F79C
:10055400370F2301F4021DB791476398F4008347D2
:10056400240393C707042309F402154433D48402F3
:10057400930700033304F402939724003E94B7874F
:100584000040938727023E948347040093F7C70FE4
:1005940093E727002300F400E147B387F402CA97E6
:1005A400D84B03C64700944F6379E6048C4B118FF4
:1005B400B296B2958CCBD8CB94CF88476376E602BB
:1005C400979000E0E780003EE147B384F40285475A
:1005D400CA9403C75400630BF7008347040093F7DE
:1005E400C70F2300F40059BD3A86D9BF83470400DE
:1005F40093F7C70F93E71700EDB73306D70090CFF3
:1006040023AA070093E50408ADB5154933D924039B
:10061400939724003309E9023E99930724023E99F3
:100624008347090093F7370F93E787002300F90006
:10063400B9EC8347240217490000130969D393C70F
:1006440007082301F402834484008325890C0325CD
:10065400090D93F4F40F2686979000E0E780803428
:100664000326890D8145014526969747000023AD51
:10067400C7DC8327490D858F174700002324F7DC47
:10068400975000E0E780C08EE39A04DE7DBD834787
:10069400740093F70704E38307DE91476398F4003B
:1006A4008347240393C707082309F402B78700404C
:1006B400614483C98700B38784021744000013048C
:1006C40024CB93F9F90F4E863E948325840C03259D
:1006D400040D979000E0E780E02C8327040D0326A7
:1006E400840D0347440CCE972328F40C8327440D30
:1006F4004E96232CC40CB3873741232AF40C63E3AE
:10070400E90081EBA6850145975000E0E78040862B
:10071400B5B30347540C85476309F70083470900C1
:1007240093F7370F2300F90091BB8347090093F730
:10073400370F93E74700FDB78347F100858B85C3E7
:10074400A30104000145974000E0E780404C834743
:10075400240293F7370F2301F402854745B38347F7
:10076400F100918B9DCB834754000145918B8DC340
:10077400974000E0E7802047B78700401147238374
:10078400E7007244E2445249C249056173002030D3
:10079400974000E0E7804043C5B78347F10093F7F3
:1007A400F70FA9BB9305000273A04580824573909F
:1007B400153492402242B2424243D2436244F2444C
:1007C400025592552256B2564257D2576258F258A1
:1007D40006499649264AB64A464BD64B664CF64CD1
:1007E400065D965D265EB65E465FD65F0961730060
:1007F40020302303048015472303E48001002302EF
:10080400A480828083076480E3CE07FE23030480F0
:10081400828083076480E3CE07FE034544808280A0
:1008240083076480E3CE07FE2302A4808280411103
:1008340026C44AC24EC006C61377F50BAD47AA8933
:100844002E8995446306F70019456537653F8D4445
:100854004E854537FD59FD1463983401B240A244D6
:100864001249824941018280135509011375F50F1C
:10087400453F2209CDB7011126CC06CEB7040800A6
:1008840051371545BD37713769372AC6A53F3245FB
:100894009377150089EB136515001375F50FF24076
:1008A400E24405618280FD14E9FC0145CDBF397144
:1008B40026DC4ADA4ED852D656D45AD25ED006DE58
:1008C40062CE66CCB7E700E07D5783AA070022C654
:1008D40003AA470023A0E71823A2E718B71700408C
:1008E400130770052380E704130780FA2380E704C5
:1008F40083C74704930B75FFB684E20793FBFB0F92
:100904008546AA892E8B328937240040E187015716
:1009140063FA76016308D50089461307000263135E
:10092400D5000157D98F93F7F70FB71C00402382E6
:10093400FC0411472303E4801305F00F5D3D094CCB
:10094400D135636D7C11B7050700DA953787070049
:10095400795563F2E504B3879500636EF702370BAC
:100964000800A94733EB65016399F90689E48144DA
:10097400513D26850DA0DA850945553D05090345F8
:10098400F9FFFD14050B693D81C49377FB0FFDF757
:10099400DD3569FD7D55B7170040130770052380C9
:1009A400E704130780FA2380E70403C74704418B55
:1009B4002382E704F250B7E700E023A0571123A2F3
:1009C4004711E25432445259C259325AA25A125B64
:1009D400825B724CE24C21618280A5476395F906E3
:1009E40085691309F00FB3069900B3742B01B6940B
:1009F4001349F9FFB3749900856B33796901416B2D
:100A04009387F9FFB3F7270199E363FC340193D982
:100A14004900C147E3E637FF99BF0569C1697D19FC
:100A2400D9B71305800D6388690113050002638437
:100A3400790113051008CA85DD3B353D21DD4E994A
:100A4400B3843441D9B7DA852D45D533CA94E3004C
:100A540099F205097D3BA30FA9FED5BF9387F9FF42
:100A640093F7F70F6361FC0C83C71C04130730086A
:100A7400631FF70437070800636BEB04B3079B009D
:100A8400B706100063F5D704334BEB008947639333
:100A9400F9068980D549E38C04ECDA850945413BA4
:100AA40011090327C9FF91472320E48003076480C9
:100AB400E34E07FE23033481FD17EDFBFD14110BF8
:100AC40081C49377FB0FE9FF7D3371F5E1B5B71767
:100AD400004003C75704B70708001377070219E358
:100AE400B78707007955E378FBEA33079B00E3FFF8
:100AF400E7F855B58547E382F9F2DA852D45053BDC
:100B04009389F4FFE38504E6293393F7390091EBE5
:100B1400832604800327090093074900E39AE6E447
:100B24003E89CE84F1BFB5476396F9001305900B57
:100B3400C93135BDB1471305B00AE38BF9FE9947B6
:100B44006391F904B7050800B365BB002D45C531B1
:100B540081448D4BA14975396396740183270480C0
:100B64002320F9008504E39834FF832704801317B6
:100B74002B01635507002312F900D5BB2322F9008A
:100B8400FDB39D476399F90281451305B0044531CE
:100B9400BD442320090023220900FD599D3993F700
:100BA4007400CA9703C70700FD14398D2380A7007A
:100BB400E39634FF6DBBA1476392F9046D39814418
:100BC400630D0B008D479304C0036308FB0093047B
:100BD400000563048B01930440041375C507E308FF
:100BE40095D81945393139390545213126850D39CD
:100BF40009453D314931E31C05D669BB91476399E9
:100C0400F90013056006F536F53E130590090DB796
:100C1400E38F09D4F154A9BB197106C212C416C6D4
:100C24001AC81ECA22CC26CE2AD02ED232D436D608
:100C34003AD83EDA42DC46DECAC0CEC2D2C4D6C6F8
:100C4400DAC8DECAE2CCE6CEEAD0EED2F2D4F6D6E8
:100C5400FAD8FEDA9385C18A8841E70005009240FC
:100C64002242B2424243D2436244F2440255925574
:100C74002256B2564257D2576258F25806499649FC
:100C8400264AB64A464BD64B664CF64C065D965DF4
:100C9400265EB65E465FD65F096173002030B7E713
:100CA40000E09843B706200023A0D718758F0F10D3
:100CB400000001C599C1814711E6B7E700E023A010
:100CC400E7108280B386F50003C80600B306F5007A
:100CD400850723800601E317F6FEC5B737E700E072
:100CE4001C43B70620002320D718F58F0F100000EF
:100CF40001C53307C50011E637E700E02320F710EC
:100D040082800505A30FB5FEE31DE5FEF5B737E7C1
:100D140000E01C43B70620002320D718F58F0F10DE
:100D2400000001C599C1014711EA37E700E023201B
:100D3400F710054582800507E309E6FE3308E50060
:100D4400B386E5000348080083C60600E305D8FE21
:100D540037E700E02320F7100145828037E700E001
:100D64001C43B70620002320D718F58F0F1000006E
:100D740001C53307C50019E637E700E02320F71063
:100D84000145828005058346F5FFE397B6FEE31B24
:100D9400E5FE37E700E02320F710054582807971EE
:100DA400973700009387077B22D4804306D626D248
:100DB4004AD04ECE52CC56CA5AC85EC669C037C94C
:100DC400C901014B97390000938949781309F93710
:100DD400173A0000130A4A78973A0000938A4A7235
:100DE400973400009384047C8357240095E35C4487
:100DF400631D0B0017370000232EF774832BC400E8
:100E04002285EF00502F5E84A9A82326FB00FDB79E
:100E140083A7090082971C443307F5406375F500E6
:100E2400D8401D8F2A976361E9089737000023A1F2
:100E3400076E8355240003450400975000E0E780C3
:100E440060955C405844B9C70C44D040AE97BE8608
:100E540063E4B70063E4C700B386C74014C4228BBD
:100E64003A8459F097370000938787699C4B094768
:100E74006373F708F91717370000232BF768B2508C
:100E8400225492540259F249624AD24A424BB24B1A
:100E94004561828063170B009737000023ACE76A33
:100EA400B1BF2326EB0099BF03274A021DCF63E19C
:100EB400A7043385A7408347040085E31737000060
:100EC4000347F76A5917B307A7003E85D44063E484
:100ED400E70063E4D7003385D74083A70A0163762C
:100EE400F5009737000023A5A762228B404495BFE5
:100EF400D840BA977DBF9737000023AB076041B74E
:100F040097370000938787699C4385C3411106C6C0
:100F140082979737000083C7476389E797370000B4
:100F240023AE0766B240410182809737000083C731
:100F3400C76191E79737000023A207668280828009
:100F4400411122C4173400001304445E1C4006C639
:100F540026C24AC091C782979737000023A8075C2E
:100F64009737000083C71766858B1739000013096C
:100F7400296589CF8347790019476312F71097379A
:100F84000000A3810764F9295C4482971C4491C33F
:100F94008297973400009384A45B9840173600002E
:100FA400034616569737000083C787559396170054
:100FB400BA9683D60600E5C29737000083C7475424
:100FC40063E5C70E97370000238C07521C40639ECD
:100FD400071497370000938767579C436387071468
:100FE400973700009387075CDC4317370000232101
:100FF400F75275339737000083C7375D639707123D
:101004009737000083C7575C91CF8347790093F7E4
:10101400F70F89EB97370000A388075A975000E031
:10102400E78060299737000093870753DC53638E6A
:10103400070E973700009387A74C9C4BFDC7834747
:10104400790015476363F70E9737000083C7C75CC1
:10105400918BE1EF9737000083C7274FF9E7904062
:101064009736000083C6D64963C7D70C2244B240E2
:10107400924402494101175300E06700C398834733
:1010840079001D47E314F7F097370000A38C07524B
:10109400D12E1C48DDBD850793F7F70F9736000066
:1010A4002380F646E3E0C7F001BF86073E978355E9
:1010B4000700231007009737000023970748973746
:1010C4000000938767469C4317350000034545435A
:1010D40013172500BA979C4382979737000083D74C
:1010E400A746173700000347A74193C7F7FF7D8D35
:1010F4009317170098403E97835707005D8D231080
:10110400A7009737000083C7A73F91C78507173704
:1011140000002307F73E173700000347673E973761
:10112400000083C7F73DE37FF7E8B24022449244CE
:101134000249410182801397170032970357070031
:101144006DF7850715B737C700408326C720B70753
:10115400FCFFFD17F58F2326F720010001009737C8
:1011640000009387E739C84F832787262326D72093
:101174006A0593C7F7FF99835D8D8280EFF05FD88E
:101184007300000000000000973200009382E23BED
:101194000383020023800200630F0300F32510344D
:1011A4002EC0970500009385A5FD73901534EF00BC
:1011B400204E7300203086DCEF00804DE6508280A4
:1011C4000000173700001307673F1443411122C47E
:1011D4009C5E4AC006C6998326C2858B3A84173919
:1011E400000013096960D1CB930700069CDE173712
:1011F40000000347473D9307000897340000938499
:10120400243C631BF700832709009C4393F70704DE
:10121400173700002309F73A83C7040093F707043C
:101224009DC397370000938767329C438297973713
:10123400000023A5A73A83C7040093F7F70B1737D9
:101244000000230FF73683C7440093F7070495E79C
:10125400854717370000A307F736973700009387B1
:10126400A7389C433707020098C7130700FC97363A
:1012740000002389E6349848F8D318401C5F918312
:10128400858B8DC31C5F93E707011CDF9737000034
:10129400938787359C4323A20706854717370000A9
:1012A4002302F73283270900D8430583058B19C726
:1012B400D843759BD8C3D843799BD8C3B240224442
:1012C4009244024941018280ED3D7300203093171E
:1012D400D50063D30702973700009387E7309C4318
:1012E4007D57B8D79737000093878721DC4F850750
:1012F400173700002324F722937785009DCB973777
:10130400000083C7072C93E7170017370000230A50
:10131400F72A930700F8173700002305F72A9737B1
:1013240000009387A72998435C57F19B93E7170024
:101334005CD7937715008DC79737000083C757286C
:1013440093E7170017370000A30CF7269737000020
:101354009387C72698435C57F19B93E717005CD7A4
:101364009377650095CB93774500173700001307F3
:101374002725CDCB8347070093E7170017370000D5
:101384002300F724973700009387472398435C573B
:10139400F19B93E717005CD79317F50063D407021A
:1013A4001737000003470739418B973700009387AD
:1013B400E73051C383C7870793E707021737000055
:1013C400230AF7369317E50063D70702973700001F
:1013D40083C7471FE207E18763D7070085471737AD
:1013E40000002301F71E973700009387E71F9C43F3
:1013F4003707020098C79317C50063D4070217374D
:10140400000003473733058B973700009387072B7A
:1014140029C383C7970793E7270017370000A30B57
:10142400F73082808347370093E7170017370000AF
:10143400A309F71881BF03C7870789463D8B630853
:10144400D70083C787070D47BD8BE39DE7F6914718
:10145400B5B703C79707118B69D783C7970793E776
:10146400870065BF97370000938707189443973721
:1014740000009387E71403C70700058B11CB973748
:1014840000002381071497370000A38D0712828080
:1014940003C71700058B65F7F85271FF83C7570020
:1014A400DDB71737000013076711032807008327E8
:1014B40088039583858BADEF11C683270803BD830D
:1014C4002300F6009DC61C43985B460793576701AB
:1014D4006356070093E707C0C207C183039706005A
:1014E400C207C18709C7BA970947B3C7E702239060
:1014F400F6008DCD8345150095C99737000083C745
:10150400870C93F7070413879500894585C33A959B
:10151400834705000547994593F6F7066398E60067
:10152400E207E187814563D30700B9452E858280B0
:101534008545EDBF411126C206C622C4973400007A
:101544009384840A3DED9440AE87F8527DFF37F4CE
:1015540000E03E859737000023850706832704D1E2
:10156400B285ED9B2328F4D0832704D193E7870227
:101574002328F4D073005010975000E0E78060C037
:1015840097370000938787039C43B70680009843EE
:10159400558F98C3D857719BD8D797370000A3832A
:1015A400070297370000A38D07009C40094798C3A2
:1015B400832704D193E787002328F4D073005010C5
:1015C4000DA08D476315F50497370000938707FF37
:1015D4009C43B70680009843558F98C3D857719B96
:1015E400D8D7944017370000130787FD8347270097
:1015F400858B89EB83473700858BC1CB97370000F8
:10160400238207FCB24022449244410182808547F0
:10161400E319F5FCB7F700E003A707D16D9B23A8F6
:10162400E7D003A707D11367870223A8E7D0730085
:10163400501098408177FD175447F58F5CC70F1001
:1016440000009840B70702001CC7930700F817363C
:1016540000002309F6F697370000938727F69C438A
:101664009C439D83858B639FA700930760197CD35C
:1016740054C737F700E0832707D193E7870023286F
:10168400F7D02DBF9307E01BDDB7FC52A5F39DBF38
:1016940097370000938747F59C438847D847798D4F
:1016A40009C988C79387418C03A307006303030018
:1016B4000283828017370000130747F38346B7017C
:1016C4009737000083C757F54C4BB697FD8B33D73C
:1016D400F50097360000A38BF6F097360000A38D33
:1016E400F6F2058B15EF17370000034737F3B3F70E
:1016F400E702814601471305000233D6E500058A57
:101704001378F70F19CA6397D70097370000A38F90
:1017140007ED8280850693F6F60F0507E31FA7FC05
:10172400828097370000938767E29C43011122CCA3
:101734004AC806CE26CA4EC68297973700009387BA
:10174400E7EC804701496301A406BE84636685060D
:10175400018D135455009737000083C7C7EA1379E6
:10176400F5016360F404973900009389A9E399377C
:1017740003A884009736000083C6E6E81397560052
:101784004297158C3A8683A5490063640701636414
:10179400B7003306B7409737000023ADC7E6E378B8
:1017A400D4FC160433692401F24062444A85D244CD
:1017B4004249B2490561828097370000938787DEEA
:1017C400DC4333848740229569B7973700009387B9
:1017D400A7E198438967938707F47CD39737000080
:1017E4009387C7E59C4383A607091396560063585D
:1017F400060083A607091396660063440600745323
:10180400FDF282804111B7E700E022C4804337072C
:10181400200006C6798C23A0E7180F10000011C120
:1018240099E5B7E700E023A0871001457DA8930759
:101834003500C207C183F19BC207C183130740036C
:101844006369F70217370000130707E708431737E0
:1018540000001307E7E514436392A602173700005C
:10186400130787CF185B55DFC207DD8D0545029747
:101874004DBF173700001307E7E3C9BF03576500DF
:101884002DEB035745006366F706B306F740214680
:10189400637CD60203280500938687001D8FAA96D1
:1018A400611717360000035606C62392E60023A0EC
:1018B40006012393060014C12312F500130786FFC3
:1018C400973600002391E6C42313B5009735000032
:1018D40083D565C3B387F540173700002315F7C2D6
:1018E400B7E700E023A087102105B240224441015C
:1018F4008280084195B7B7E700E08C4337072000A2
:1019040023A0E718F98D0F10000001E523A0B710FC
:10191400828097370000938727DA03A3070097375D
:1019240000009387E7D883A8070081469A8763F26B
:10193400170D03A807006361F50C636FA80A1387EA
:1019440087006368E50A03D6670021670507631704
:10195400E60003C7A18C05072385E18C1735000039
:10196400130505BA03D64700035765002393070000
:10197400329742074183173E00002316EEB8638C6A
:101984006702173300001303E3D203230300630445
:10199400F30203D366006310030283D7460023A037
:1019A400060121073E9621062392C60097370000C0
:1019B400239BE7B4B6879843630D1703973600005B
:1019C400938646CF94426306D7028356670095E216
:1019D40083D64700035647001843A106B2962392C4
:1019E400D70098C383576500A10717370000231C4D
:1019F400F7B0B7E700E019BFBE86C2870DBF00008D
:101A0400971100209381418117510020130141DF78
:101A14001305400097E5FF1F9385855E1706002098
:101A2400130606FE63FAC5008322050023A05500B1
:101A340011059105E3EAC5FE1785000013058537F6
:101A4400970500209385C5FB1386018463FAC500BE
:101A54008322050023A0550011059105E3EAC5FE84
:101A64001385018497350020938505D86377B500E5
:101A7400232005001105E36DB5FEFD42739002BC01
:101A84008D4273904280B72200009382828873A0B3
:101A9400023097E2FF1F9382A25693E232007390C2
:101AA4005230970200009382820B739012347300B9
:101AB40020303D432A876373C3029377F700BDEF59
:101AC400ADE5937606FF3D8ABA960CC34CC30CC7AA
:101AD4004CC74107E36BD7FE11E28280B306C340D3
:101AE4008A069702000096966780A6002307B7002F
:101AF400A306B7002306B700A305B7002305B70064
:101B0400A304B7002304B700A303B7002303B7005B
:101B1400A302B7002302B700A301B7002301B70053
:101B2400A300B7002300B700828093F5F50F9396C6
:101B34008500D58D93960501D58D61B793962700C1
:101B44009702000096968682E78086FA9680C117EF
:101B54001D8F3E96E374C3F8A5B74111054506C62B
:101B6400EF2080411545EF10007D1305800497E0B8
:101B7400FF1FE7800058EF108055EF10606CEF6096
:101B8400C041EF108012492CEF00906297E0FF1FD4
:101B9400E7802050178500001305C5F7828017855C
:101BA40000001305A5EE82809147014563E9B70063
:101BB4008A059787000093876704BE9588418280D1
:101BC400238401848280411106C622C426C24AC0ED
:101BD400B2842E891714002013044478EF10800F68
:101BE4002686A28517250020130545BBEF20205526
:101BF400938701859043B240CA8526963305A64053
:101C0400228622449244024988C393060004014573
:101C140041016F30500F9D47639FF504239F01845A
:101C2400239E0184239C0184239B018423940186A5
:101C3400239301862391018623900186238D0184B9
:101C44004111854793060004172600201306C6BBDE
:101C54008545014506C62382F186EF30D00AB2409D
:101C640093060004171600201306466F8D450145A0
:101C740041016F3050098280011132C606CEEF1047
:101C8400600583D7C1853246139717009727002034
:101C9400938787D7BA972390C70083D7C1858507D1
:101CA400239EF18403D7C185A1476314F700239EC3
:101CB400018483D761858507239BF18483D761855C
:101CC40003D78185998FC207C18321476384E702C3
:101CD4009387C18583D70700F24017260020130697
:101CE400A6B29A07930600043E9685450145056110
:101CF4006F307001F2408547238DF1840561828045
:101D040083D7818685072394F18683D68186A1476C
:101D1400138781866394F6002394018683D72186F2
:101D240085072391F18683D6018683D72186638A2A
:101D3400F6028357070003570700172600201306EF
:101D4400A6CD9A0793161700172700201307C7EC90
:101D54003697835607003E969305100801456F3069
:101D6400006E85472382F1868280411122C4328429
:101D7400A2851D461385C18206C6EF703042034713
:101D840014008347040022075D8F83472400C207A1
:101D94005D8F83473400E207D98FA5C32380F18484
:101DA4000347140083470400B24022075D8F834732
:101DB4002400C2075D8F83473400E207D98FA183D3
:101DC400A380F184834724002381F1848347340072
:101DD400A381F184834744002382F1848347540020
:101DE400A382F1848347640022442383F1848547DA
:101DF400A383F18441016F00F06DB240224441019C
:101E04008280411132859385C1821D4606C6EF70DA
:101E1400F038B240410182800111280006CEEF2043
:101E24000010970600209386A6BD01479785000001
:101E3400938585CF21453C00BA9783C707000507E2
:101E4400890613D64700BD8B2E96AE97034606002F
:101E540083C70700238FC6FEA38FF6FEE31DA7FCEE
:101E6400130600409715002093854553172500203D
:101E74001305C59297070020238C07B8EF20C029CB
:101E8400978500009385C5C60145EF3080109725DE
:101E940000209385A5950145EF3020159385418257
:101EA4000145EF30E0179385C1810145EF304017BC
:101EB40097150020938505430145EF306021AA85DD
:101EC4000145EF3080129715002093856543014545
:101ED400EF300020AA850145EF3020119385418120
:101EE4000145EF30E0139385C1800145EF30401385
:101EF40017060000130666D2B78500400145EF308F
:101F04002019F24005618280797103D7618506D674
:101F140022D426D24AD083D781856308F70803D513
:101F2400E18583D7E18513971700972700209387CE
:101F3400A7ADBA9783C50700172400201304C48CE7
:101F44001A0522951389E185EF00503039CD835766
:101F54000900938481858507239FF18483570900B1
:101F640021476314F700239F018483D70400850766
:101F7400239CF18483C7A1858DCB9387618583D707
:101F8400070003D70400998FC207C1832147638EDA
:101F9400E700238D018403D6C1851A069306000445
:101FA400229685450145EF30005683D7018603D735
:101FB4002186998FC207C1831D476364F70803D53F
:101FC400618617240020130424A51A059305F10142
:101FD400229593846186EF00D03025C503D7040091
:101FE4008346F10197270020938707C306073E978E
:101FF4002310D70003D7040005072393E18603D7F2
:102004000400A1466394E6002393018613870186A6
:102014000357070005072390E18603C7418615C3CC
:102024002382018603D6818603D781860607BA9761
:1020340083D607001A062296930510080145EF304F
:10204400004083C7818499CBEF20600C9387C184BF
:102054009C431D8D634405002384018483C77184DC
:1020640089CB9D4513850184EF00103C19C1A383DE
:1020740001849387818483C7070093F7F70F89E767
:102084000145EF20307F21E993870185984359EB7F
:1020940083C7418599EF13060004971500209385A3
:1020A400E570171500201305656FEF20E014238AEF
:1020B400A18483C5418591C9171500201305056FB7
:1020C400EF00502819C1238A0184B250225492543B
:1020D4000259456182809305F1011715002013050B
:1020E400E523EF00502E4DD18346F101854723842B
:1020F400F18436C6EF20A001B7975B00938707D819
:10210400B2463E9523A6A184171600201306062185
:10211400930530080145EF308032E35705F62384F8
:1021240001849DB79C4323A801849DB7B7E700E0D1
:102134003707400023A0E71082801387C18603235A
:102144000700B287630403040D476302E502C54731
:10215400630AF5008547631BF50281460146814504
:10216400014502838146014681450545DDBF89E974
:1021740001CA834616008385070009060945D5B7B9
:10218400E20581460146E1850D45E1BF8280797112
:1021940022D4130600022A8481450A8506D697F0C4
:1021A400FF1FE780A0B3C1472300F100B747767152
:1021B400938797123EC4B7575500938757553EC629
:1021C400970700009387A7F73EC89307B0BFA30003
:1021D4008100231EF100EF5010020A85EF40302FDA
:1021E40019E523888186B2502254456182800545D1
:1021F400DDBF23A6B186238801869307700263E3BB
:10220400A70071B70945828003C70187631AA70035
:10221400411106C6EF50207EB24001454101828043
:10222400130770026363A7009DB7094582801DC927
:102234009387F5FF93F7F70F1307A00F6364F70273
:10224400011122CC06CE2EC62A84EF50C07A2285F4
:102254006244B245F2409306F00F1306F00F056195
:102264006F40F04009458280411106C6EF50A078C6
:10227400B2409306F00F1306F00F8145014541016A
:102284006F4030668D4763EAA7080111238A0188ED
:1022940022CC06CE09472E84631FE50293078005EE
:1022A4006399F60632C6EF00F022B24513068005A4
:1022B400172500201305459FEF70406E2386818803
:1022C4006244F2408547238EF18803C5418A9145D3
:1022D40005616F30A04B6311F502938781899C439C
:1022E40005468945850723ACF1886244F24003C55D
:1022F400418A05616F30005311E5EF00B01D0546BA
:10230400A145E5B785476316F5000546930500101A
:10231400E9BFF240624405618280828093878188AC
:102324009843011122CC06CE3E8421E32800EF100D
:10233400103FEF10D05DB787379E9387979B3D8DF5
:1023440023A4A1888147930510022146B306B50250
:1023540038003E9703470700850733C5E600E39737
:10236400C7FE6384E60223A4A1880840F2406244C5
:102374009317D500A98F13D51701A98F139557006B
:102384003D8D23A4A18805618280854723A4F1881B
:10239400E9BF83C7D189A1CB41119305000803C5C7
:1023A400418AA38E018806C6EF30405E9387018A76
:1023B4009C431387D7FF759B01C72547639AE700A2
:1023C400B24003C5418A0546894541016F308045C5
:1023D4002D476397E70023A0018AA3880186CDB720
:1023E400B240410182808280411106C6B53D19C9BF
:1023F400B240238A018803C5418A0D4689454101BB
:102404006F304042B2408547238AF188410182807F
:10241400011122CC26CA4AC8AE842A893284814555
:1024240013064004172500201305C58E3EC236C688
:102434003AC442C006CEEFF0CFE7374641502247B8
:102444000248B246130676459727002023AAC78A76
:102454000546972700202387C78A97270020A38350
:10246400278B972700202380E78A97270020A38CB7
:1024740007899727002023A997889727002023A757
:1024840087889727002023A5D788924799CB630A8A
:1024940008004286BE85172500201305A587EF7026
:1024A400E04FB7A71C81B7060001938757DC0147AB
:1024B400172500201305C584938636191306400595
:1024C400B305E50083C505000507AD8FB387D702C3
:1024D400E318C7FEF240624417270020232CF78636
:1024E400D244424905618280197193970501A2DCA7
:1024F40086DEA6DACAD8CED6C1872E8463D0070278
:10250400EF30000F19C1EF3080092165218DF6509D
:102514006654D6544659B6590961828093F7050426
:102524008DC3EF00901E19E9EF00C07A1306001462
:102534009305000403C5418AEF30C02E13450404FB
:10254400F9B793F745006384072283C7C18963867B
:1025540007164800EF107038130680059715002001
:10256400938585742800EF7060439387C188124572
:1025740083C70700238E0188EF1030382247B747FE
:102584004150938777456315F7040347C100854796
:102594006310F7048344F1009307000463EA97028D
:1025A4007646B7A71C81B7060001938757DC01471D
:1025B400938636199305400528003A95034505008E
:1025C4000507A98FB387D702E318B7FE6304F600A3
:1025D4008945B5A0EF0070131387018A6312050EB5
:1025E4001C430D476392E7060347D10089476316EE
:1025F400F70C13898187424783270900631FF70A71
:102604009384018852479440E2476398E60AD8408D
:102614006315F70A0345E10083C7C187631FF50803
:10262400E536832509009040D440814703C7C1871C
:1026340001480D45F13B954723A0F18A854503C523
:10264400418AEF30A01495A815476398E70603471D
:10265400D10091476313F7069387818742479C43D0
:10266400631DF7049384018852479440E2476396BC
:10267400E604D8406313F704C14503C5418AEF302B
:10268400E030854717170020230BF76C9387C18729
:1026940083C707009040D44017170020A301F76CAC
:1026A400971700209387476B90C7D4C7EF008078B3
:1026B40019E1EF00606523A0018A1345440081BD40
:1026C400144325478347D1006390E6061947639D69
:1026D400E7049717002093872768D24690476247FC
:1026E400E318D6EEDC47E395E7EE9387418742474C
:1026F4009C43E31FF7EC6C0826861715002013058E
:10270400A55603C9418AEF706029A386918885473D
:10271400930500024A852387F18823A0018AEF30BC
:10272400E026EF00205B51BF2147E393E7EA9717C8
:10273400002093876762D24690476247E31AD6E83F
:10274400DC47E397E7E8E38504E883C73187E3914F
:1027540007E826866C08171500201305E54CEF7072
:10276400E023238991868547A389F1865DBF93F78A
:102774001500A1C79305000803C5418AEF30002165
:10278400238A0188854793058005171500201305C2
:102794002557A38EF188613C83C7418A11E94146DC
:1027A400930500083E85EF30E0071345140085B318
:1027B400A38E01880D468545F5B793F7250089C793
:1027C400253113452400A1B393F7850081CBD1367D
:1027D400137474F713150401418115BB93F70510A5
:1027E40095C39305000803C5418AA38E0188EF3081
:1027F400E0190D46854503C5418AEF30A0021374E4
:10280400F4E7C9BF93F7050889C76136134504087F
:10281400FDB993F70520B9CBEF00206F11C983C729
:10282400D189014591E79387018A884313351500BF
:1028340093878189984301C79C4323AC018893877C
:102844000189984301C79C4323A8018809C583C70C
:10285400418991E3513E130600029305002003C50C
:10286400418AEF20307C1345042055B193F70501CC
:102874006386070AEF00606929E59387018A984314
:1028840095471389818793840188631FF70203C5E1
:10289400C187EFF07F979040D44083250900014819
:1028A400814703C7C1870D45A536854503C5418AC0
:1028B400EF20D06D1306000AC14503C5418AEF20FD
:1028C400707613450401A1B1EFF01F94813C23AC51
:1028D400A186A934930770023375F5020505238E8A
:1028E400A1862D3CAA891D3CB36735019DC323A055
:1028F400A18823A231899040D440832509008147CF
:1029040003C7C1870148054521368D4723A0F18AB5
:1029140069BF0547814798C0DCC0F1BF93F7050242
:102924000145E38607BE9387018A9843A547631848
:10293400F70283C7F18813871700A387E18811473B
:102944006362F702854503C5418AEF2030641306AC
:10295400000A9305000203C5418AEF20B06C1345B9
:10296400040275B6971700209387873983C74701F8
:1029740017170020230AF72EFD5717170020A30569
:10298400F72E8947A386F18885472387F18823A0FA
:10299400018AF1B7238A0188138701891C430546FC
:1029A40093050020850703C5418A1CC36F209067E7
:1029B400411106C6912117050000130525B3EF3018
:1029C400E0282382A18A9123814709C59717002013
:1029D40083C7F738970500009385058B3E85EFF094
:1029E4005F8111C101A0130600029305002003C5F5
:1029F400418A238A0188EF20F062012B83C7418A30
:102A040005C9171700201307273583467700894522
:102A14003E85238ED186104754471387018810C3FF
:102A240054C323A0018AEF207056B2404101E9AC9F
:102A3400930500043E85EF207055B24023A0018A1F
:102A440003C5418AC14541016F205054011122CC74
:102A540006CE2AC62EC455292A842DC91387018A75
:102A6400184335EF03C7E1883DEBB247ADCBA24530
:102A74009306F0031387F5FF1377F70F63E1E60678
:102A84001387418714433A858506B1C623AAD186A4
:102A9400971600209386462C90462E88D4460C41E7
:102AA40001471545EFF0DF96A3870188A5478545C3
:102AB40003C5418A23A0F18AEF20504D1306000A72
:102AC4009305000203C5418AEF20D0552285F240C8
:102AD400624405618280054723AAE18655BF01440B
:102AE400F5B783C7E188A1CF814739C9B1C90111BD
:102AF40026CAAA84680006CE22CC4AC82E84EF10C7
:102B0400C05D03C9D1884A86971500209385C515F1
:102B14002685EF60B06832452300240123870188AD
:102B2400EF10A05D894503C5418AEF203046F2408D
:102B340062448547D24442493E850561828081478B
:102B44003E858280011122CC06CE2AC62EC4752E63
:102B54002A841DC5B247B5C722489306F00313075C
:102B6400F8FF1377F70F63EEE6041387018A18431F
:102B740009CF83C71187014481E78547A388F1867C
:102B84002285F2406244056182801387418718439D
:102B9400971600209386461C904693051700D4464A
:102BA40023AAB18601471D45EFF09F86AD478545B1
:102BB40003C5418A23A0F18AA3880186EF20103D32
:102BC400C1B7014475BF83C73187A1CF814739C9D4
:102BD400B1C9011126CAAA84680006CE22CC4AC80B
:102BE4002E84EF10804F03C921874A869715002051
:102BF400938585032685EF60705A324523002401AE
:102C0400A3890186EF10604F894503C5418AEF20EF
:102C1400F037F24062448547D24442493E8505611B
:102C2400828081473E858280011106CE22CC2AC64D
:102C34002EC4E12C19C91387018A184319E7B24736
:102C440089C7A2451D476385E50283C7118799C7D4
:102C540001442285F2406244056182807D246DD95D
:102C64009387018A9C43EDD78547A388F186CDB726
:102C7400138741870C43971600209386E60D9046F0
:102C84008505D44623AAB18601472A841D482545D3
:102C9400EFF00FF8AD47854503C5418A23A0F18ABB
:102CA400A3880186EF20902E6DB737170040832745
:102CB400C70C4111B706800006C6D58F2326F70C32
:102CC4008D4537058000EF10E017B240A382018ADA
:102CD40041018280371700408327870C4111B706D2
:102CE400800006C6D58F2324F70CEF104042B7C7E7
:102CF4002D009387076C3E9523A4A18AB240854793
:102D0400A382F18A41018280371700408327C70CD0
:102D1400B7068000D58F2326F70CA382018A828010
:102D240083C7518A8DCB411106C6EF10403E93876D
:102D3400818A9C431D8D634D05003717004083270E
:102D4400C70CB7068000D58F2326F70CA382018A0F
:102D5400B24041018280828061468145171500207E
:102D6400130585FF6FE0FFD43787B8ED130605011F
:102D7400FD57130707326315C50013C5F7FF82809B
:102D840005058346F5FFB58FA14693D51700858BBE
:102D9400B307F040F98FFD16AD8FE5FAE9BF144192
:102DA40037474457130707156395E6045441411107
:102DB4004166A20622C406C6A18205062A840147EA
:102DC4006394C6028346750013066002FD1693F6EB
:102DD400F60F636BD60014455045D18E91C6693702
:102DE4001848098F13371700B24022443A8541012D
:102DF400828001473A8582804111E14617160020FE
:102E0400130686F581452D4506C697E0FF1FE7802A
:102E140000AA19C591378947B2403E854101828095
:102E240017150020130545F39D3F814775F52D3790
:102E34008547DDB7397126DA06DE22DC97140020D7
:102E440083C4E4F185476390F40C17140020130441
:102E5400A4F08347740013076002FD1793F7F70F7C
:102E64006363F70A1C445844D98FD1CF6146A285C5
:102E74000A85EF60B032B7474457938707150A8530
:102E84003EC023129100CD35B7F707002AC803C707
:102E94000701A5476313F70001A09306001001463C
:102EA4008145254597E0FF1FE78060A0914731E504
:102EB400E1460A868145294597E0FF1FE780209F68
:102EC400954705EDE146300881452D4597E0FF1F04
:102ED400E780E09D894715E161468A852808EF600F
:102EE4009029994719E928085D3D994719C5614614
:102EF4002C082285EF60902A8147F2506254D25404
:102F04003E85216182808D47CDBF171500201305B2
:102F1400A5E471B5114541AD411193962500AA85EB
:102F24002D4506C697E0FF1FE7806098B240014533
:102F340041018280011122CC06CE3714004026CAFA
:102F44004AC84EC652C483447405034AB40583492F
:102F5400840503499405EF0050798347A40593F44D
:102F6400F40F137AFA0F93E71700230DF40493F97F
:102F7400F90F1379F90FB717004003C7A705058B9D
:102F84006DFF03D5C705A38D4705238C3705A38C97
:102F94002705A38B9704F2406244D2444249B249C4
:102FA400224A0561828041119397050122C406C615
:102FB400C1872E8463DD0700EF20806319C1EF20F1
:102FC400005E2165218DB2402244410182809397A5
:102FD40025010145E3D907FEEF304051253FEFF0CD
:102FE4007F9B37F60200130606E0896503C5018B53
:102FF400EF2050030965F9B72D71232A9110FD7450
:10300400E98C232C811023282111232631112A84B1
:10301400AE893289930600100A86A6852D45232E93
:10302400111097E0FF1FE780808813154401518138
:103034000A0513962900CA850A9597E0FF1FE780C1
:1030440000C6A68585660146254597E0FF1FE780F3
:1030540000860A86A68593060010294597E0FF1F7F
:10306400E780E0848320C11103248111832441116A
:10307400032901118329C11015618280B7F7070064
:1030840003C70701411106C622C426C24AC0A54788
:10309400631AF7009537B24022449244024901452D
:1030A4004101828013942500AA843289A286AA85CC
:1030B4000146254597D0FF1FE780607FA2864A8698
:1030C400A685294597D0FF1FE780607EE9B71D716B
:1030D4004946977500009385A5B31775000013053D
:1030E400E5BB86CE97E0FF1FE78060C211E101A037
:1030F400B7F600E0795798CAFD57DCCA0567B7E709
:1031040000E023A0E7101306F00290C223A0E71802
:103114000100010017E7FF1F1307070723A6E18A31
:103124004157A38AE740130600048145080897E045
:10313400FF1FE780A0BA97F7FF1F9387A79A3EC89F
:10314400896793870780231AF1009D673ECCB707F0
:103154000105938707103ECEED472310F102854702
:103164002301F10297070000938747DBBEC297074C
:1031740000009387E7F0BEC48567938757D1231275
:10318400F102971700009387C7F83ED8B7F50700F8
:1031940097070000938747DA3EDC814697070000D3
:1031A400938787D73000E10519453EDE97D0FF1F8E
:1031B400E780E06F18088147994630003E96034641
:1031C400060085070507A30BC700E398D7FEC2478F
:1031D40091C70357410185676373F70001A0830713
:1031E400410263D7070493078008F3B7078093F776
:1031F40087083EC40F100000B7170040130770057E
:103204002380E704130780FA2380E7040F100000EB
:10321400B847B706100013670718B8C79853558FF7
:1032240098D323800704A247F3A707800F10000058
:103234000808EF20702511C101A0F64025618280A5
:10324400411117050000130545D606C622C4EF2018
:10325400F01F1384018B2300A400192803450400E4
:103264002244B24013060032896541016F20805B1D
:10327400797106D613078008F337078093F7870818
:103284003EC20F100000B71700409305700523805D
:10329400B704130680FA2380C7040F10000083C606
:1032A400F70293F6A60FA387D7022380070492465A
:1032B400F3A606800F100000733707801377870882
:1032C4003AC40F1000002380B7042380C7040F10F2
:1032D400000003C7F70213672700A387E7022380D0
:1032E4000704A247F3A707800F10000005456928CB
:1032F4001531814701478146054685451305407EC2
:10330400D92868005146814597E0FF1FE780009D5A
:10331400B707C0A83EC8B787E803938707D03ECA5B
:10332400680097D7FF1F938767D83EC6EF20B03A4F
:10333400B25045618280371700408347E704120585
:10334400411193F7F708C98F93F7F70F9306800895
:10335400F3B6068093F6860836C60F10000093066F
:1033640070052300D704930680FA2300D7040F10B6
:1033740000002307F70423000704B247F3A70780DC
:103384000F10000041018280B717004003C7E70215
:103394000D8941111377C70F498F93068008F3B63F
:1033A400068093F6860836C60F1000009306700553
:1033B4002380D704930680FA2380D7040F100000DB
:1033C4002387E70223800704B247F3A707800F107F
:1033D40000004101828041112A83014E930E407EF8
:1033E400130F0019930F400663E56E12930800193A
:1033F40013034006B3781503854E0D4FA14F337365
:1034040065020D891335150063EFBE121308F6FF2C
:10341400794672984208135808013307C70213D635
:103424001700BE0732976146B3F6C60213068070D2
:10343400B386C6023697A166F58F42075D8FB7162D
:10344400004083C7F60293F70708A303F10003467D
:10345400710083C7F60293F70708E394C7FE834716
:103464007100B716004093F7F70F638807129307AC
:103474008008F3B7078093F787083EC40F10000055
:10348400B7170040930670052380D704930680FA8B
:103494002380D7040F10000023AA070383C6170351
:1034A40093E60608A388D70223800704A247F3A75C
:1034B40007800F1000001166B71700407D16D45B1B
:1034C400C85F93854703A98EF18EF5FA93068008A9
:1034D400F3B6068093F6860836C60F1000009306EE
:1034E40070052380D704930680FA2380D7040F1035
:1034F400000098C103C7170313670704A388E702F2
:1035040023800704B247F3A707800F10000041018E
:1035140082807D133368E3039308E016630E08008A
:103524003368F3039308D0166308080093783300D4
:1035340093B818009388D81633081E01131E080187
:10354400135E0E0155B56393E503054863860800D1
:103554000148630303002A8871087298FD15131E3D
:103564000801C205135E0E01C18179BD13F815006F
:1035740063F4BF007908D5B713381800E5BF83C7D3
:10358400F60293F70708A303F1000346710083C70B
:10359400F60293F70708E394C7FE8347710093F795
:1035A400F70FF1DFE9B531714AD966CB06DF22DDC9
:1035B40026DB4ED752D556D35AD15ECF62CD6AC9D7
:1035C4006EC7AA8C02D8EF00502D2A899307800871
:1035D400F3B7078093F787083EDA0F100000B71798
:1035E4000040130770052380E704130780FA238043
:1035F400E7040F10000003C7F7021377770FA387C0
:10360400E70203C7F70213678700A387E702238053
:103614000704D257F3A707800F1000000545AD3308
:10362400130780C13347E902116A93070AE8930636
:103634005002BD69930BA004814A014B1304800816
:10364400930470057D1AB347F9023307D7023EC0CD
:10365400FD873ECC938709A69309803E3347F70242
:103664003AC27D873AC4334739038549B3999901EE
:1036740093D93940B306D702B30B7703B3C6F60226
:10368400B3CBFB0236C6FD8636C893D6FB4136CE95
:10369400B7460F00938606243349D902856693867C
:1036A40006FAB3969601B389E90213076055330904
:1036B400D90293060010B389E9023349D902B3C988
:1036C400F9029316390036CA37190040FD8636D000
:1036D400930D090493D7F9413ED2F336048093F64F
:1036E400860836DC0F100000930770052380FD0068
:1036F400930680FA2380DD000F100000834639050D
:1037040093F6860FA309D9048346390593E6160078
:10371400A309D90423800D00E256F3A606800F10F6
:103724000000130C80FA116DF336048093F68608BA
:1037340036DE0F100000930770052380FD00238000
:103744008D010F10000083463905216693E60602B9
:10375400A309D90483560905B3E6A6012318D9049D
:1037640083560905D18E2318D90423800D00F256FF
:10377400F3A606800F1000008346390593F606026F
:10378400638B061803463905218A6DDE0818EF009D
:10379400D0147336048013768608B2C20F1000006A
:1037A40023809D0023808D010F100000B717004077
:1037B40003C637051376F60DA389C70403C6370578
:1037C40013660602A389C704835609052166B3E676
:1037D400A6012318D90483560905D18E2318D904C8
:1037E40023800D009646F3A606800F100000834642
:1037F400390593F606026387061483463905A18AC0
:10380400EDFE97D0FF1FE780408DAA8636D497D06F
:10381400FF1FE780808CA256E30AD5FE8356090574
:103824004255B3E6A6012318D904EF00100D8346D0
:103834003905A18AEDDE0356090583462905824729
:103844003376CA00B306DA0293D5F641B296B3884A
:10385400F640E24733B8C6002E983308F840A24732
:10386400B3B616013308D84063C70701631DF800D7
:10387400924763FA1701C247634DF80E6395070137
:10388400B24763E8F80E894663E7660FF24693157C
:10389400180013D3F8015E8613951800B365B300BE
:1038A40042D646D4EF5030163258050B137BFB0F2B
:1038B4006347000163120838A258638F083613085F
:1038C4001500B336A800B69513D6F5013298B33671
:1038D400C800AE9613581800FE06B3E60601733608
:1038E400048013768608B2C60F10000023809D0062
:1038F40023808D010F1000000356C902B296C20640
:10390400C1822316D90223800D00B646F3A6068091
:103914000F10000011BDF336048093F68608B6C07C
:103924000F10000023809D0023808D010F100000E4
:103934008346390593E60602A309D90423800D00C2
:1039440086463DB5F336048093F68608B6C40F1058
:10395400000023809D0023808D010F10000083460A
:10396400390593E60602A309D90423800D00A6466F
:103974009DBDE30D0BF0F336048093F68608B6C8BC
:103984000F100000930680FA23809D002380DD0041
:103994000F1000008346390593F5FC0F93F6860F4C
:1039A400A309D90483463905CD8EA309D9042380FC
:1039B4000D00C646F3A606800F100000130580FA1A
:1039C40003463905930639051D8A6314962973360F
:1039D400048013768608B2CC0F100000130680FA18
:1039E40023809D002380CD000F10000003C6060035
:1039F4001376F60D2380C60003C60600136606027E
:103A04002380C600835609051166D18E2318D90474
:103A1400835609052166D18E2318D90423800D000D
:103A2400E646F3A606800F100000130680FA8346CC
:103A3400390593F606026388062483463905130C78
:103A44003905A18AFDDA0818492DF336048093F666
:103A54008608B6D00F100000930680FA23809D00DC
:103A64002380DD000F10000083460C00116693F6DE
:103A7400F60D2300DC0083460C0093E606022300C7
:103A8400DC0083560905D18E2318D9048356090511
:103A94002166D18E2318D90423800D008656F3A6FF
:103AA40006800F100000130680FA8346390593F64A
:103AB40006026385062083463905A18AEDFE97C078
:103AC400FF1FE78080612A8C97C0FF1FE780E060BA
:103AD400E30C85FF8356090511664255D18E2318E0
:103AE400D904212D8346390513063905A18AFDDA47
:103AF400F336048093F68608B6D40F1000009306BC
:103B040080FA23809D002380DD000F10000083468F
:103B1400060093F6F60D2300D60023800D00A6566A
:103B2400F3A606800F1000008356090503462905F5
:103B3400D247B376DA003306CA021305800C9355D4
:103B4400F6413696330DF6408257333CD6002E9C10
:103B54003336A601330CFC40330CCC4033088503C8
:103B640092564E86B335A5033305A503C295EF508F
:103B7400806963468001631E0C16630C0D161306E0
:103B840015003335A6002E959356F5013696B335B8
:103B9400D600AA959396F50105828585D18E634654
:103BA400B000639D051A638B061A0356C902158279
:103BB4003305D6003336C500B2956348B00063912F
:103BC40005241306F00F637DA622894663F3561578
:103BD40093078008F3B7078093F78708BED60F10C2
:103BE400000037170040930770052300F70493077C
:103BF40080FA2300F7040F1000008356C702896778
:103C04008117D58FC207C1832316F7022300070447
:103C1400B657F3A707800F100000FA506A54DA541D
:103C24004A59BA592A5A9A5A0A5BFA4B6A4CDA4CDC
:103C34004A4DBA4D296182801308F5FF3335A80037
:103C4400FD152E951356F5013298B336C800AA9681
:103C540051B1F336048093F68608B6CA0F100000FB
:103C640023809D002380AD000F100000834639059A
:103C7400CD8EA309D90423800D00D646F3A6068071
:103C84000F10000035BBF336048093F68608B6CED9
:103C94000F10000023809D002380CD000F10000032
:103CA4008346390593E60602A309D90423800D004F
:103CB400F646F3A606800F10000095BBF336048089
:103CC40093F68608B6D20F10000023809D0023804F
:103CD400CD000F1000008346390593E60602A309C0
:103CE400D90423800D009656F3A606800F10000019
:103CF4006DBB9306F5FF33B5A600FD152E959355C0
:103D0400F501AE96B3B5B600AA951396F501858272
:103D140069B5F336048093F68608B6D80F10000010
:103D2400930680FA23809D002380DD000F1000009D
:103D34008356C9020566011693F6F60FD18EC206A4
:103D4400C1822316D90223800D00C656F3A606802D
:103D54000F100000850A93FAFA0F41B233E6B60059
:103D640045C20356C9023305D0403338A000B30519
:103D7400B040B385054115826345B000D1E163715C
:103D8400A608894663F0560593078008F3B70780B1
:103D940093F78708BEDA0F100000B7170040130727
:103DA40070052380E704130780FA2380E7040F10CB
:103DB400000003D7C7027D8B2396E7022380070404
:103DC400D65781BDF336048093F68608B6DC0F100F
:103DD4000000930680FA23809D002380DD000F10ED
:103DE40000008356C9020566011693F6F60FD18EBC
:103DF400C206C1822316D90223800D00E656B9B744
:103E040093078008F3B7078093F78708BEDE0F1087
:103E1400000037170040930770052300F704930749
:103E240080FA2300F7040F1000000356C70293978B
:103E34005600B297C207C1832316F7022300070472
:103E4400F657C1BB914763EEB7021767000013072B
:103E540067DD8A05BA959C41BA978287B7170040F7
:103E640003A7470D1345F5FF698F23AAE70C03A7A2
:103E7400070D698F23A8E70C03A7070C798D23A0EE
:103E8400A70C8280B717004083A6470D1347F5FFA0
:103E9400F98E23AAD70C83A6070D558D23A8A70C4A
:103EA40083A6070C758F23A0E70C8280B717004008
:103EB40003A7470D498F23AAE70C03A7070D134552
:103EC400F5FF45BFB717004083A6470D1347F5FF1D
:103ED400758F23AAE70C03A7070C598D4DB7B717A5
:103EE400004003A7470D498FEDB7B717004003C73C
:103EF40077051377E70FA38BE704130700F8A38D67
:103F0400E7043D47238CE70413075003A38CE7041D
:103F140003C7A7051377D70F238DE70482804111C8
:103F2400B7F5070022C481462A842A86E10519458B
:103F340006C697D0FF1FE780809783471400034786
:103F4400040083462400A207D98F03473400B240FB
:103F54002207558FBA97034754008346440022072B
:103F6400558FBA97C207C1832303F400A183A30327
:103F7400F400224441018280797122D43714004034
:103F840026D24AD0035924028354040206D6420995
:103F9400C2044ECE52CC56CA13590901C1802DE138
:103FA4001379F9F793F4F49F4209C20413590901F0
:103FB400C18093078008F3B7078093F787083EC44E
:103FC4000F100000930770052300F404930780FA90
:103FD4002300F4040F10000023112403231094027F
:103FE40023000404A247F3A707800F100000B25077
:103FF400225492540259F249624AD24A456182805B
:10400400B7F5070081463000B105194597D0FF1F69
:10401400E780E089A24713972701E34A07FC136965
:10402400090893E4044093098008F3B7098093F7DF
:1040340087083EC00F100000930A70052300540542
:10404400130A80FA230044050F10000023112403EF
:1040540023109402230004048247F3A707800F105F
:104064000000294597C0FF1FE7802032F3B909807B
:1040740093F989084EC20F10000023005405230051
:1040840044050F1000008357040293E70720231010
:10409400F402230004049247B9B7B71700408847D5
:1040A400420541819377050491EB9377F5013755E8
:1040B400E801130505803345F50282809377050CEA
:1040C400130700046397E7009377F50137459C1CB9
:1040D400CDB72165130505D0828037E700E01C4386
:1040E4005443A183E206D58F1CC1FD572320F71842
:1040F4002322F7180F100000828013178500B7E7FA
:1041040000E023A0E710618123A2A7108280B7F703
:1041140000E08847CC478280FD5705C199CD05470B
:10412400637DC7001307F6FF798E01EA232005009B
:104134002322050018C54CC581473E8582800111A4
:1041440022CC26CA404104451C414AC82694050491
:104154004EC606CE1D8C2A89AE89637386003284CE
:10416400E58F85049D8C63739400A2840325C900A4
:104174002686CE853E95EF5070020325C90033068E
:104184009440B3859900EF5070018327090022857C
:10419400F240A29762442320F900D2444249B24932
:1041A40005618280411126C25C4104414AC006C6B1
:1041B40022C49D8C2A892E8763739600B2840324BB
:1041C4008900E18F05041D8C63F384002684832514
:1041D400C90022863A85BE95EF50407C8325C900EC
:1041E400338684402295EF50607BB240224426857A
:1041F4000249924441018280411122C406C62A84A4
:1042040055375C40B240AA975CC022444101828089
:10421400011126CA9304C0234EC6B3049502930920
:10422400F00856C2970A0020938A8AB422CC4AC85E
:1042340052C45AC006CE2A89B30935032E8A328B5A
:104244000144D69483C74417636CF400F24062447B
:10425400D2444249B249224A924A024B05618280C1
:10426400B3878900938787048A07D697DC4363035F
:104274000B0289CFD84719CB83462B0083C787010C
:104284006396F6005A86D2854A850297050413740C
:10429400F40F4DBFE5DFDC47F5DB0146D2854A85E7
:1042A4008297EDB783C6550003C7450083C7250031
:1042B400A206D98E41111397870113F8F67F06C61B
:1042C400AD8661878D8A17060020130666AA635996
:1042D400070213F7F707B1473307F7029307C02321
:1042E400B307F5023E97B307E600239D0717A38C97
:1042F400D716EF100004B240133515004101828037
:104304003147B387E7021307C0233307E502BA979F
:10431400B297239D071DA38CD71CE1BF9307C0232D
:104324003307F50297070020938787A4BA97984725
:10433400D4473297918E98C7D4C73A8681EA03C787
:10434400470109CB238A07008146014693050008EB
:104354006F10E00E03D7670011CB8387070063D784
:1043640007008146014681456F10E01982805D7126
:10437400A2C4A6C2CAC04EDE86C652DC56DA5AD8D9
:104384005ED662D466D26AD06ECE03CA0500130725
:1043940000022A8493770A06AE89B284368963823E
:1043A400E75E13070004638AE76699EB137A3A0021
:1043B40085466305DA3A63070A0089476300FA56BB
:1043C400814485A603C71900A54783D52500E3E9E1
:1043D400E7FE176600001306268693162700B2969A
:1043E4009C42B29782871307C0233307E5029C409F
:1043F4002380070097070020938787973E970347FA
:10440400E71101CB944003C706001367170023800C
:10441400E6001307C0233304E402A29783C70712FC
:1044240081CB98408347070093E727002300F700D8
:104434009C40A380070089478DA285476395F502B8
:104444008D46970700209387A7926311D70213071D
:10445400C0233307E502BA972380B71283A78723C3
:10446400A5452285829723200900B5A11307C023FF
:104474003307E502A945BA972380071283A7872348
:10448400CDB79307C0233307F5029707002093871E
:10449400278E93F5F50FBA97A38EB710EF005067E8
:1044A400D9B793D78500FD1793F7F70F3947E36919
:1044B400F7F0175700001307A77A8A07BA979C43A7
:1044C400BA978287EF00B0669307C023B307F4025C
:1044D400170400201304C4893E941C4C2301A41225
:1044E4009C438297E30E05EC8347050099A093074C
:1044F400C023B307F50217040020130464873E9415
:104504001C4C03452412DC438297E30B05EA8347E2
:10451400350003472500A207D98F03477500198783
:10452400058B230FE410034775001587058BA30F34
:10453400E41088C09DA09307C023B307F5021704B5
:1045440000201304E48293F9F50F1307E00E3E9460
:104554001C4C6397E900DC4BE38407E6884369B7A6
:10456400034524129C4BCE8582972A84E30A05E4F2
:10457400639809029C4011472380E7009C400D4743
:10458400A380E7009C40034705002381E7009C408B
:1045940003471500A381E70091472320F90025AEC6
:1045A400EF50204B42054181930715008607C2074F
:1045B400C18313070010E365F7E098408D4623009C
:1045C400F7009840A300D700894601471316070156
:1045D4004182E374A6FC9040B305E40083C5050062
:1045E400369605072300B60090403696A3000600D1
:1045F4008906E9BF9307C023B307F50217F4FF1F29
:10460400130404773E941C4C03452412DC47829720
:10461400E30805DA8347350003472500A207D98F4D
:1046240009BF9307C023B307F50217F4FF1F130450
:1046340024743E941C4C9C53E38407D88843DC4385
:10464400CDBD9307C023B307F50217F4FF1F13046E
:10465400247298403E948347C4112300F700854791
:104664002DBF93F7F50F97FCFF1F938C6C7091EBA4
:10467400130AC02333044503338A8C00230E0A1023
:10468400DDB39307C023B307F50293F9F50F014B8C
:10469400814A8144930BF00F130CF00F114D954D8B
:1046A400E697984F03C52712584302972A8A094769
:1046B40083470A00A1C383471A006384A70963855B
:1046C400B709639FE700834B5A00639B7901834AD0
:1046D4003A0083472A00014BA20AB3EAFA00854450
:1046E40083470A003E9A83470A003E9BE3625BFDD0
:1046F400E3800AFC638404289307C023B307F4020D
:1047040001469D452285BE9C238E3C11A3800C123C
:10471400EFF01FB083A78C239D4522858297232029
:104724000900B6402644268506499644F259625A41
:10473400D25A425BB25B225C925C025DF24D6161D3
:104744008280034C3A0069BFE39C79F9E31A0CF8C0
:10475400D2852285813EAA84094759B71307C0230D
:104764003307E50217F6FF1F1306866083DA250078
:1047740083DB4500330BE60083278B0103452B12B3
:10478400DC4382978347CB11E38C07C203C719002C
:10479400994693F8FB0F630AD70863E8E600E31130
:1047A40007C29C402380070061B1A947630CF7103E
:1047B400AD47E317F7C003D72900B3071B0103452F
:1047C4002B122382E71683278B0103CC490083CA6B
:1047D4002900DC43014A81498297AA84130BF00F14
:1047E400930BF00F814C114D954D094783C704007D
:1047F4006388071083C714006381A70F6389B70F09
:10480400639AE70083C9340083C72400014AA209DC
:10481400B3E9F90083C70400BE9483C704003E9A39
:10482400E3663AFDE38409FCE1A813D78A00930701
:104834001002631FF7041308F00F01478147114664
:1048440013031002094E05A8834615006389C602A6
:10485400638A66026399C6018347350003472500CE
:10486400A207D98F01472E958346050036976364C6
:10487400F700E39707B483450500F9F591B60348BB
:104884002500D5B7E39108FF88C08347050031B3FD
:1048940093072002E316F7B283474B175A86014762
:1048A400E300F7B28326461289CA83C5860163965C
:1048B40015019C4A9CC0DC4ACDB105071377F70F5C
:1048C4001106F9BF33061B01944083474616238023
:1048D400F600232049018544A9B503CB240083CBEA
:1048E4003400E3196CF3E3977AF3A68C25B7E3134A
:1048F4006CF3639D0A0083C524002285EF005029D0
:104904006686A1452285EFF0BF90B1BEE3947AF1AB
:10491400A6852285EFF01F990947EDBD9307C023B3
:104924003307F50297F7FF1F93878744BA9783C726
:10493400C711E38707A883C7190083C545006389A6
:10494400D70291CB0D47E39DE7A683D729009DE7C6
:10495400EF00B02609BE1306F100EF00102E034746
:10496400F1009C40E30007E405472380E700C9B455
:1049740083D7290081E7EF003028B1BF2320090045
:1049840081B4137A3A008547631CFA049307C02361
:104994003307F50297F7FF1F9387873DBA9703C63E
:1049A40047170147E30EC7A083A647128DC603A885
:1049B40006006302080283C5860183C64900639C1E
:1049C400D5002686CA86CE85228502981345F5FF32
:1049D4009354F501B9B305071377F70F9107D9B7C6
:1049E4008947E31FFA9C9307C0233307F50297F71F
:1049F400FF1F9387E737BA9703C647170147E301B9
:104A0400C79C83A6471289C603A84600E31B08FA7D
:104A140005071377F70F9107DDB79307C023B30793
:104A2400F50297F6FF1F9386A634B68BB697984F78
:104A34005C4BB9C703C6150083C647006316D60688
:104A440003D745009146630CD7009546E31AD796E1
:104A540003D72500DC470A07BA97984311A0984763
:104A64008347170083460700A207B69783462700AB
:104A7400C206B69783463700E206B69798C031BEA1
:104A84001C4F9DC303C6150083C66700631ED60072
:104A940083D645001D47E395E69203D747009C4320
:104AA4009CC02320E90005BD504F59C203C719001B
:104AB40083470600014A631EF70603D74900894766
:104AC400E310F790034766008347560083462600A9
:104AD40022075D8F83477600A206C2075D8F834756
:104AE4008600E207D98F03471600D98E03473600A4
:104AF4004207D98E034746006207558F41B7B30773
:104B04004B01938787048A07DE97DC4389EB050A08
:104B1400137AFA0F83C74A17E363FAFE55B09C472A
:104B2400FDD7CA862686CE85228582976DF165B328
:104B3400014A930AC023B30A5403130BF008DE9A04
:104B4400330B6403C1BF25CE9307C023B307F5021B
:104B540017F8FF1F1308C821411122C406C62A846E
:104B6400B305F8009845D4453297918E98C5D4C5BD
:104B7400A1E21387C701938607014297A10798C54D
:104B8400C2963306F800EFF08FFE09E9228522442D
:104B9400B2409305000841016F003002228522448F
:104BA400B240814601469305000841016F00300977
:104BB4002244B2403A86814541016F00D01482807C
:104BC4009307C0233307F50297F7FF1F9387471A0C
:104BD4009945BA9703A38723A380071202839307F7
:104BE400C0233307F50297F7FF1F93876718BA9717
:104BF40003C7D71101CB03A387230547A380E7127B
:104C04009545028382800111814506CE22CC26CAB5
:104C14002A849304C023ED2DB307940297F4FF1F55
:104C2400938404152C00228523070100BE94B70742
:104C34008000938777503EC4239E0410930700049A
:104C4400238104122316F100ED252C00228523056F
:104C54000100C525228501468545EFF06FDB83A75A
:104C64008423228585458297F2406244D2440561BB
:104C7400828001114AC81309C0233309250322CCB9
:104C840017F4FF1F1304C40E26CA2146AA8406CEB5
:104C9400330724013A85EF4070508356650093072B
:104CA40000102A8763F0D7028307050063CC07004E
:104CB4009305000826851127F2406244D2444249F4
:104CC400056182809307C023B387F4021306C901E8
:104CD400229632C6A29790C7D4C794CB238A0700E2
:104CE40091CA8387070063C7070081452685EF00C3
:104CF4009001D9B793060901A2967000BA8526855A
:104D0400EFF0EFE655D59307C023B387F402A297DB
:104D1400984B83D667006373D700BA869307C02382
:104D2400B387F40213070010A297D4C7E362D7F83D
:104D34008847B2476319F5029307C023B387F40287
:104D44009305000826853E9454441044CD2D1C48F8
:104D540003576400E3F2E7F693F7F703B1FF8547DF
:104D6400230AF40091BF3346F5000D8A41C2E9D607
:104D740013F73700631D07103E862A87B388D700D0
:104D84003D48B385C840636CB81013D646009315EC
:104D94004600AE973307B500C1553306B6023E85CB
:104DA4000D48B296B388D7003A86B385A8406366A7
:104DB400B81613D62600F155131526003306B6028D
:104DC400B2960146E38AC6F6B305C5003388B70038
:104DD40003080800BA95050623800501E5B7850791
:104DE4000387F7FF0505FD16A30FE5FE13773500CE
:104DF4003DCFF5F691B7032806004106C10523A867
:104E040005FF032846FF23AA05FF032886FF23ACDA
:104E140005FF0328C6FF23AE05FF3388C840E36CB3
:104E240007FD13D64600C155131746003306B602D4
:104E3400BA978D452A97B29601463385C64063EEEC
:104E4400A50213D62600F155131526003306B60223
:104E5400B2960146E382C6EEB305A6003388B700D6
:104E640003080800BA95050623800501E5B73E86C8
:104E7400AA85B388D7003D474DB73385C7000328BB
:104E840005003305C7001106232005017DB78507FA
:104E94000387F7FF0505FD16A30FE5FEC9BD0C4208
:104EA4004106410713D385002308B7FEA30867FE14
:104EB40013D30501E181230967FEA309B7FE832506
:104EC40046FF13D38500230AB7FEA30A67FE13D354
:104ED4000501E181230B67FEA30BB7FE832586FF43
:104EE40013D38500230CB7FEA30C67FE13D305016F
:104EF400E181230D67FEA30DB7FE8325C6FF13D3FF
:104F04008500230EB7FEA30E67FE13D30501E181CE
:104F1400230F67FEA30FB7FEADB511058325C5FFAB
:104F2400110613D38500230EB6FEA30E66FE13D31B
:104F34000501E181230F66FEA30FB6FEBDB531471F
:104F440093F7F507B387E7021307C0233307E50296
:104F5400BA9717F7FF1F1307A7E1BA9703A3071818
:104F64006303030002838280314793F7F507B38715
:104F7400E7021307C0233307E502BA9717F7FF1FA9
:104F8400130707DFBA9703A3071E63030300028313
:104F940082809307C0233305F50297F7FF1F938799
:104FA40027DD411122C41306C0232E84814506C681
:104FB400AA973E85EFC0FFAF130700F8230CE51650
:104FC400230A0516230C051C00CD17F7FFFF130752
:104FD4002735B24022442320E518170700001307A1
:104FE400C7B62320E51E410182809307C023B3077F
:104FF400F5021306F00897F6FF1F938666D733056C
:10500400C502B69703C74717238CE5003A951305E5
:1050140085040A05369505074CC1238AE716828064
:1050240003C70500D04197F7FF1F938767D49316F2
:105034008701E18663D20602B1459376F707B3860A
:10504400B6029305C0233305B5023695AA97238C7F
:10505400E71623A0C7188280B1469305C023B30680
:10506400D7023305B5023695AA97238CE71C23A0F3
:10507400C71E82809307C0233305F50297F7FF1FED
:10508400938707CFAA9703C5C7113335A000828041
:1050940011C101A0411106C622C423AEB18A97F7FB
:1050A400FF1F23A3C7F0E5282A840146AD45014527
:1050B400EFF00F9697F7FF1F938787CB83A787237C
:1050C4000145AD4582972285B24022444101828048
:1050D40097070000938707029CC123A2050023A41D
:1050E400050023A605002E8582808280828082802E
:1050F400797122D406D626D24AD083C71500130765
:105104001002328483C44500638DE7062A89636DE7
:10511400F700130700026384E7027D55B25022545E
:10512400925402594561828013072002638AE70280
:1051340013073002E393E7FEA685553F05A083C716
:10514400750003C665000C40A2075D8E2808EF4079
:10515400F0043008A6854A85EFC03FC101457DBFF4
:1051640003C4350003C62500A6852204518C13769A
:105174001400A53F13561400058AA6854A85BD3739
:10518400F1BF3008A68536C6EFC0BFC708401D462C
:105194002C08EF40B000B2469D479CC2C1B74111F4
:1051A40006C697F7FF1F9387671C97F6FF1F938622
:1051B400E6EF94D397F6FF1F938646F794DF97F6AE
:1051C400FF1F9386A6FEB4CB97F6FF1F938606E6D1
:1051D400B4D797F6FF1F938666E123A4D71297F6F8
:1051E400FF1F9386A60423A0D70897F6FF1F938674
:1051F400E60B17F7FF1F130767DB23ACD70897F8F5
:10520400FF1F9388A8E617F8FF1F130828EE17F569
:10521400FF1F1305A5F597F5FF1F938525FD17F6C9
:10522400FF1F1306A60497F6FF1F9386260C17F399
:10523400FF1F1303A30F98C723A4E70C23A0170F82
:1052440023AC070F23A8A71023A0B71423ACC714BB
:1052540023A8670A23A8D716B7870040238007002E
:105264001303C0FC23866700A38667004207130369
:10527400F003238767004183C2082398E70093D88B
:1052840008014208239A1701135808014205239C78
:1052940007014181C205239EA700C1814206239ACA
:1052A400B7044182C206239CC704C182239ED7044B
:1052B400A94669472381D7022383E7022385E702AE
:1052C4002387E7022389D7022383E7062385E7069A
:1052D4002387E706A3810700130790022380E700D2
:1052E400B716004003D7A6011367070C239DE600F9
:1052F4007D572383E700130710F8A380E7001D47B9
:105304002381E700EFC09FE2B24001454101828062
:1053140089E9378700408347370093F70708A301DB
:10532400F70097F7FF1F2383B704014582800945DF
:10533400828083C725007D5593F6870713F7F70707
:105344009DEA03C6350093968701E18603C54500AF
:105354000D8A97F7FF1F9387670163DF0600E14615
:105364003307D702BA9705472386E7002382A700AD
:10537400A382C70001458280E1463307D702BA976A
:1053840005472386E70C2382A70CA382C70CDDB74D
:1053940013F7F507E1463307D702E20597F7FF1F36
:1053A4009387C7FCE185BA9763D605002386070077
:1053B400014582802386070CE5BF13F7F50795475F
:1053C400B357F702930600030A07E205E185B387A2
:1053D400D702BA973787004013072702BA9703C743
:1053E400070063C805001367C7002380E700014571
:1053F400828013673700D5BF13F7F5079547B35776
:10540400F702930600030A07E205E185B387D70292
:10541400BA973787004013072702BA9703C70700D4
:1054240063C80500137737072380E70001458280AE
:105434001377C70B13672700C5BF0145828013F795
:10544400F50719E27D55DDEEE147B307F7020111D7
:1054540026CA97F4FF1F938464F106CE22CC4AC86F
:105464004EC67955A69783C5C700B1C99375360052
:105474007555B1E51544335487029305000390CB69
:10548400D4CB23AC07003304B402931527002E9425
:10549400B78500409389050293852502A2992E942D
:1054A40095E62380090003C7570085476305F70481
:1054B4008347040093F7C70F2300F4000145F2402B
:1054C4006244D2444249B2490561828003C947001B
:1054D40063F326013689E1473307F702B2854A862A
:1054E4001379F90FBA948844EF40404B2380290183
:1054F40003C754005DBF8347040093F7C70F93E7C6
:1055040017005DBF828093F5F50719E27D55ADE282
:105514006147B387E50217F7FF1F130727E579559E
:105524003E978347C70CA9C7937736007555A9E3FF
:105534009547B3D7F502232AD70C930600038A05AF
:105544002328C70C232C070C0347570CB387D70217
:10555400AE97B785004093852502BE958547630ABB
:10556400F70083C7050093F7370F2380F500014543
:10557400828083C7050093F7370F93E74700F5B799
:10558400184183A785FF6319B7001CC1FD5723ACDD
:1055940005FE238FF5FE8280232CF6FEC5BF411144
:1055A40022C437E400E026C204403707200006C6C0
:1055B400F98C2320E4180F10000009E9232094102B
:1055C4001545B24022449244410182800347E5FFDD
:1055D4009307F00F6306F700232094101145D5B705
:1055E40097C0FF1FE7802031014523209410D1BFCD
:1055F4000111B7E700E04AC803A907004EC6370700
:10560400200006CE22CC26CAAA893379E90023A039
:10561400E7180F10000097F7FF1F9387E7ED80430B
:105624008144014611E491E8A1654E85852605A0D3
:105634008347E4FF6399370385CCA68517F5FF1FDD
:10564400130585EB353F6DD0A1654E858122F2406F
:105654006244B7E700E023A0271126854249D244DB
:10566400B2490561828091E02286032484FF5DBFF4
:10567400A284E5BF97F7FF1F23A007E8828097F76E
:10568400FF1F9387E7EC9C4399E33E85828003D711
:1056940027006316B70003C70700E308A7FEDC472B
:1056A400E5B7A5C1011106CE22CC26CA8147C14661
:1056B40033D7F540058B29C312053E953147330591
:1056C400E50217F7FF1F1307E7EC044305443314FF
:1056D400F4002EC642044180AA949C40C84082979C
:1056E400B24523A0040023A20400A18DF240624429
:1056F400D2442E85056182808507E39BD7FA014455
:10570400EDB72E858280C9C1797122D406D626D2FE
:105714004AD04ECE01444147B3D78540858BA5C3BB
:105724001205314722953305E50297F7FF1F93874A
:1057340067E603A907008544B3948400C204C180CA
:10574400BE892A990327090011C7032549002EC6DB
:105754000297B24531473304E40283A709003E941B
:105764001C4489E72320090023220900B250225453
:10577400A58D02599254F2492E8545618280050413
:10578400E31CE4F88144DDB72E858280B7E700E0AE
:105794009843B706200023A0D718758F0F10000078
:1057A40097F6FF1F83C696D56373D50217F6FF1FBE
:1057B4001306C6D99316150008423695835605007C
:1057C400D58D2310B50023A0E7100145828023A0C6
:1057D400E7100D458280B7E700E09843B706200044
:1057E40023A0D718758F0F10000097F6FF1F83C6EC
:1057F400F6D06375D50217F6FF1F130626D5931648
:105804001500084293C5F5FF369583560500F58DBE
:105814002310B50023A0E7100145828023A0E710E0
:105824000D45828079714AD037E900E026D283247D
:105834000900B707200006D622D44ECE52CC56CA51
:105844005AC85EC6FD8C2320F9180F10000097F784
:10585400FF1F83C7B7CA637AF50097F7FF1F9387C3
:10586400A7CE83AB070063970B00B7E700E023A044
:105874009710A9A017FBFF1F130B8BD2832A4B0091
:10588400B74736FE938707C82E8A97F5FF1F83D53F
:10589400A5D1BE9AB387C5022A84B2898146B3B51D
:1058A400C50213850732B337F50013060064BE95AD
:1058B400EF30F05263F0AA02232099100145B25050
:1058C400225492540259F249624AD24A424BB24B90
:1058D40045618280829B97F5FF1F83D5E5CCB38712
:1058E40035032A89130600648146B3B5350313854D
:1058F4000732B337F500BE95EF30704EB30725017C
:105904003E8903274B0063E4A70063E4E70033897F
:10591400E740D2852285A53309C923242501B7E7A9
:1059240000E023A09710054559BF936504F0C20514
:10593400C181414597C0FF1FE780C0EC19E997F783
:10594400FF1F938727C19C5B8DD3A2851145829746
:1059540029BF97F7FF1F9387A7BF9C4385E797F756
:10596400FF1F23A7A7BE854723260500232425015F
:105974002311450123008500A300F500232205001F
:1059840079BFBA87D84775FFC8C7F1BF0111B7E718
:1059940000E04AC803A9070022CC4EC637072000FE
:1059A40006CE26CAAA892E843379E90023A0E718F3
:1059B4000F100000E931AA8419C123110500A28542
:1059C4004E85113D97F7FF1F83C747B3639B37018C
:1059D40097F7FF1F83D707B75D8C97F7FF1F2393B4
:1059E40087B6B7E700E023A02711014591E01945E8
:1059F400F2406244D2444249B24905618280411175
:105A040022C426C217F4FF1F130484B997F4FF1F9E
:105A14009384C4AE9448584097F7FF1F9387C7B246
:105A240006C69C436392E60882975440B74736FE05
:105A3400938707C8B6973387A7003A856364F7004E
:105A44006364D7003305D74097F4FF1F938404B7EA
:105A5400DC5081CF97F7FF1F938707BE9443370726
:105A6400CDFF7D179C46F98F9CC611E1484097F7FE
:105A7400FF1F938727AEDC53829711E5DC5085C363
:105A8400EF00D03D212DDC5099CB97F7FF1F938772
:105A9400A7BA9843B70633001C47D58F1CC7B2403A
:105AA4002244924441018280829794485840B387AB
:105AB400A6003E8563E4D700E3E8E7F83385E740D2
:105AC40061B7411106C697F7FF1F23A9A7AC02953A
:105AD400B24097F7FF1F23AFA7A20145410182807F
:105AE400994763E9B7008A0597F7FF1F9387C7A310
:105AF400BE9588C1828097F7FF1F23AFA7A811C561
:105B0400854717F7FF1F2300F7A4828041117146D0
:105B1400814517F5FF1F130525A106C697F7FF1F3B
:105B240023A807A297F7FF1F23AA07A697F7FF1F2B
:105B340023AC07A097F7FF1F238707A097F7FF1F42
:105B440023AC07A497B0FF1FE78040191306800217
:105B5400814517F5FF1F1305659A97B0FF1FE7806E
:105B6400E017EF30C03697F7FF1F9387A79E03C552
:105B7400C70383C7D70385453E958D473305F50293
:105B840039051375F50F97F7FF1F238AA7969947D1
:105B94003305F5021305052497C0FF1FE78080C66F
:105BA40017F7FF1F2328A79E59CD994717F6FF1F04
:105BB4000346E6943306F60281451306062497B09D
:105BC400FF1FE780A01197F7FF1F9387A79C9C43B3
:105BD4009387072417F7FF1F2326F79417F7FF1F50
:105BE4000347E7910A07BA9717F7FF1F2320F79691
:105BF400EFF05FA8E52697F7FF1F9387A7929443DA
:105C040097F7FF1F83C7978F1397270036971706B9
:105C14000000130686AF10C3138717001377F70F1E
:105C24000A073697170600001306E6A710C3138762
:105C34003700890793F7F70F8A0797F5FF1FA38F9C
:105C4400E58AB69790C3B2404101828097F7FF1F5F
:105C540083C7D78A17F7FF1F0347678A63F3E702EF
:105C640017F7FF1F1307078C18439386170017F6BF
:105C7400FF1FA305D68893962700369708C33E8551
:105C840082809307F00FE5BF1C41638407164177B8
:105C94007D8FB70600208947631ED714035745003C
:105CA400630A0714411122C419462A849305F00F8C
:105CB400610506C697B0FF1FE780400A05478D4778
:105CC4006304E5121C4481CB58589947630E0710AE
:105CD400185C630B071013060004814517F5FF1FBA
:105CE4001305458797B0FF1FE78040FF13060004A4
:105CF400A28517F5FF1F1305E58597B0FF1FE78001
:105D040000FA97F7FF1F83D7A78517F7FF1F13071D
:105D1400678499E79307001097F6FF1F2392F68490
:105D240097F7FF1F83C7E78391E7854797F6FF1F20
:105D34002389F68297F7FF1F83D7C78291E7ED4740
:105D440097F6FF1F2390F68297F7FF1F83C777818B
:105D540091E7954797F6FF1FA385F68097F7FF1FF6
:105D640083C7678091E7854797E6FF1F238DF67EFB
:105D740097E7FF1F83C7377F99E78347F70097E6C5
:105D8400FF1FA382F67E97E7FF1F83C7F77D81CFAE
:105D940093F63700898317E6FF1F230BD67E97E619
:105DA400FF1FA387F67E97E7FF1F83C7E77B91E773
:105DB400D54797E6FF1F2389F67A8347640199E75D
:105DC4009307C00397E6FF1F2381F67A1C5791C7F8
:105DD400829797E7FF1F2397A772FD5717F7FF1FB7
:105DE400A306F78A25338147B24022443E85410108
:105DF400828089473E85828001114EC697E9FF1F44
:105E04009389097A83A7090006CE22CC26CA4AC8F8
:105E140052C4829713090064B335250303DA890059
:105E24008146528633052503EF30607B97E7FF1FD9
:105E34009387C76C804FAA84014563069402338517
:105E44008440636E940003A5490052868146B335AD
:105E5400A9023305A902EF308078018D269597E7D2
:105E6400FF1F23A9976AF2406244D2444249B249CF
:105E7400224A0561828097E7FF1F9387A76D985791
:105E840031CB411122C426C206C6BE84029717E74D
:105E9400FF1F035727672A840DCBBA876373A700B4
:105EA400AA87C207C183BA866373E400A286C206C6
:105EB400C182958F5147635AF700DC5491C382978E
:105EC400352597E7FF1F239F8762B24022449244FF
:105ED40041018280828097E7FF1F23AD076C97E71B
:105EE400FF1F93872767DC57011106CEAA8581C758
:105EF4002AC68297B245CDC19C410545D9CBDC4128
:105F0400C9CB83D78500D1C783D7A500D9C3514650
:105F140017E5FF1F1305C56897B0FF1FE78020D85A
:105F240097E7FF1F2384076897E7FF1F9387476757
:105F34009C4317E7FF1F2329F76097E7FF1F83C7D9
:105F4400D7628DE79307805717E5FF1F0355C56593
:105F54003305F50237460F001306062481468145B2
:105F6400EF30E06797E7FF1FA381A76017E7FF1FE4
:105F74000347B75FA54763E7E700A94717E7FF1F94
:105F8400A305F75E17050000130545E7EFF07FB39F
:105F94000145F2400561828097E7FF1F23AE075653
:105FA40097B7FF1F9387271A17E7FF1F232AF75E68
:105FB4007D5797E7FF1F23A7E75EB78732009387D4
:105FC40027A197E6FF1F23A1F65E97E7FF1F238F04
:105FD400075CB7C7004023A4E726B9B7011122CC58
:105FE40017E4FF1F13040457084406CE26CA4AC800
:105FF40001E90545F2406244D24442490561828088
:106004005C58E5DB185C75D77000854582971844A9
:10601400B247E300F7FE9305E00417E5FF1F0355BD
:10602400255497B0FF1FE780E07D17E7FF1F232764
:10603400A74E61D117E6FF1F035686529305F00F52
:1060440097B0FF1FE78080C9814417E9FF1F130938
:10605400E94A97E7FF1F83C7C7500326090263C1B4
:10606400F402328597C0FF1FE780E088014597E777
:10607400FF1F23A5074A97E7FF1F23A3074A9DBFD6
:1060840097E5FF1F83D5C54DB38795020844185C77
:10609400898185043E9508C2029765BF97E7FF1F73
:1060A400938787519C43B7068000B70500829843C5
:1060B400FD15558F98C31307F00F98DF13070005DC
:1060C400D8DBD857B7060080558FD8D7D45717E7F1
:1060D400FF1F03476749131687011377F703ED8EF4
:1060E4006607558FD8D7618617E7FF1F1307C75474
:1060F4009306A003184363DCC600744F37060007F9
:10610400D18E74CF370702001307C72099A09306D6
:10611400200263DAC600744F370600F97D16F18E4B
:1061240037060005F1BFB70600F99385F6FF744FF3
:106134006945ED8E6355C50037060003D1B7B70531
:106144000001CD8E74CFE35F06FA37070200130710
:106154000721D8DF984B137707FC1367E70098CB28
:1061640037E700E0D147A309F70497B7FF1F9387E8
:10617400A71593E717007CD782809387018C9C43F3
:1061840099CB944BD04B9842518F98C294439C47DF
:106194009842D98F9CC297E7FF1F9387E74117E77F
:1061A400FF1F0347474217E6FF1F1306A643054890
:1061B4009C431307E7091442631E050388431365D0
:1061C400050888C3C8468177FD17E98FDCC60F1020
:1061D40000001C42B7060200AD0594C7930600F800
:1061E40017E6FF1F230ED63C8A05BA958605ECD325
:1061F400C8C7828088431375F5F788C3C84681777A
:10620400FD17E98FDCC60F1000001C42B706020020
:10621400A90594C7930600F817E6FF1F2302D63A90
:106224008E05E1B79387018C9C4389CFD44303A89F
:10623400870098423367070198C2D447DC4B9842E1
:10624400D98F9CC297E7FF1F9387073705479C4365
:106254009505631EE50298438E051367070898C3E6
:10626400984F137707C01367A71398CF13078007B6
:10627400A389E7009385C50397E7FF1F23A8B734D5
:1062840011C6060697E7FF1F23A2C73482809843EE
:1062940092051377F7F798C3984F137707C01367DE
:1062A400271398CF1307F007A389E700E1B741113B
:1062B40006C617E7FF1F0347E730A1476311F7043A
:1062C40097E7FF1F83C74732858B17E6FF1F0346F7
:1062D400D63397E6FF1F83C64633BDC797E7FF1F34
:1062E40093878732C8432DC1834515000905EF0004
:1062F400505F11C5854717E7FF1FA305F72C17E764
:10630400FF1F0347272C9947631CF70097E7FF1FDC
:106314009387873AFC5F83C7B70095CBEF20305A49
:1063240017E7FF1F0347072A9D476312F70297E702
:10633400FF1F9387673883A7070983C7770081CB3B
:10634400B24041016F203040814501454DB7B24014
:106354004101828017E7FF1F1307C7281C43B44B72
:1063640093F6F68FB4CB944393E6860094C39C4390
:106374008D83858B89C7010001000100010097E727
:10638400FF1F9387672394439C4293F7F7CF93E7C8
:1063940007109CC297E7FF1F9387072A9043B7060D
:1063A400CEFFFD161C46F58F1CC61C4337070300A1
:1063B400B8CB9387018C9C4399CBD44390479842A4
:1063C400518F98C2944BDC4B9842D98F9CC297E76B
:1063D400FF1FA388071E828097E7FF1F93878720EC
:1063E4009C439C438D8B638207104111B7E700E007
:1063F4004AC003A9070026C23707200006C622C4E4
:10640400AA843379E90023A0E7180F10000017E7E6
:10641400FF1F0347171B8D4717E4FF1F1304041ABC
:10642400631BF70097E7FF1F9387071C9C4B0146EC
:106434008145454582971947639BE40497E7FF1F0D
:1064440083C7571899CB97E7FF1F83C7A71763968E
:10645400970097E7FF1FA387071683477400214718
:106464006318F7009307801017E7FF1F231CF71426
:1064740097E7FF1F2389070CF13DB2402244B7E799
:1064840000E023A0271192440249410182809D47E4
:10649400639FF40097E7FF1F83C7D712DDDF17E779
:1064A400FF1F034727128D47E319F7FA5DB78346A9
:1064B4007400630BD700034774006387E7008347C6
:1064C40074002147E316F7FA97E7FF1F83C7970F76
:1064D400C5F38347740017E7FF1F2305F70E8547AD
:1064E40017E7FF1FA300F70E61B7828017E7FF1FAE
:1064F4000347370D91476308F70C97E7FF1F93870E
:10650400672E9843B7C7004093870730631DF70A87
:106514000111354506CE22CC26CA4AC84EC66D3D69
:1065240097E9FF1F93894909152AEF10702BEFF0A3
:10653400FFB683A7090017E9FF1F1309E90FB70680
:106544003300984397E4FF1F9384C409370403007E
:106554001367070898C398431377F7CF98C39843F2
:106564001377F7CF1367072098C3032709001C4745
:10657400D58F1CC79C4013078455B8CBEF10703ED1
:10658400EF20F010EF101031EF10103A03A70900BC
:106594001C4393F7F7CF93E707101CC38326090026
:1065A4003707CEFF7D179C46F2404249F98F9CC6BF
:1065B4009C40B249D244A0CB624497E7FF1FA38218
:1065C4000700056182808280B7C7004013870730C7
:1065D40097E6FF1F23A8E62013870720411197E6BB
:1065E400FF1F23A1E6009387071037D7004022C47A
:1065F40097E6FF1F23A2E60417E4FF1F130404FC1D
:1066040017E7FF1F232AF7FA8547A303F40097E748
:10661400FF1F938727F49C4306C65CD0938707111A
:106624001CD097B7FF1F938787CA23A2F18C7D3DA7
:10663400B7E700E0A305040003C757411367070841
:10664400A38AE740B24037071000224423A0E71092
:106654003707200023A0E7104101828017E7FF1FBE
:10666400130747EF0307470197E7FF1F938787F750
:106674009C436358070413074008D8CBD8D3D8DB0E
:10668400F8C313076007D8CF9306E006D4D7D4DF46
:10669400F8C7130780072393E700F84BB706008079
:1066A400558FF8CB5147F8CB17E7FF1F130707F1B6
:1066B4005853F8DF7D5798C737071F003D07D8C7E1
:1066C40082801307C00855BF97E7FF1F9387C7F65B
:1066D400984317E6FF1F130626F197E7FF1F9387DA
:1066E400A7ED94438347160013F8F707D9C58842EA
:1066F4005C42137505F83365050188C213F515006E
:1067040001C993F5050341456386A506938787C1AF
:106714004C574168130808A093E525004CD7B3D51E
:106724000703B70810FEFD18B3F70703FD89139597
:1067340045016C43B3F51501C98D6CC39305A00FD6
:106744003705FCFFAA07B3D7B7026C43E98DBA0734
:10675400B983CD8F7CC383470600898B99CB9C4238
:1067640093F7F70713E707049C4293F707F8D98FC9
:106774009CC282809387078361BF5C57F59B5CD77B
:106784009C4293F707F8B3E707019CC2E9B74111AC
:1067940006C697E7FF1F238007E8EFF0BFBBB240B0
:1067A400014541018280411197E7FF1F83C737E10B
:1067B40006C6858B95C7E13F97E7FF1FA38107E0D6
:1067C40097E7FF1F238E07DE97E7FF1F9387C7E135
:1067D40003A30701014681450545B24041010283F7
:1067E40097E7FF1F938707E09C43FC5385E34537F6
:1067F40097E7FF1F238607DC97E7FF1F9387C7DE12
:1068040003A30701014681454545C1BF97E7FF1F23
:106814009387C7DA83C777000D476317F700854767
:1068240017E7FF1F2301F7D2B240410182804111D3
:1068340097E7FF1F83C7A7D826C206C622C4858B45
:1068440097E4FF1F938404DAF5CB97E7FF1F2388AF
:1068540007D697E7FF1F938727DE984317E5FF1FA7
:10686400034585D817E4FF1F130404D85C578583B8
:10687400858BB1CB504093760503C145930786C100
:106884006394B60093070683C165938505A0B3D6C8
:10689400B702370810FE7D18B3F7B702FD8A1396C6
:1068A40046017443B3F60601D18E74C39306A00F58
:1068B4003706FCFFAA07B3D7D7027443F18EBA0791
:1068C400B983D58F7CC31185014697E5FF1F83C526
:1068D40065D30D89EFF01F95170500001305E50A30
:1068E400EFF06FA198408177FD175447F58F5CC78F
:1068F4000F1000009840B70702001CC7930700F868
:1069040017E6FF1F230EF6CA97E7FF1F9387C7CA30
:106914009C439C439D83858B99CF930760190323E4
:1069240004017CD354C70146814505452244B24045
:106934009244410102839307E01BD5B79C40FC536A
:1069440085E3B13597E7FF1F238C07C697E7FF1F41
:10695400938787C903A30701014681454545F9B7D4
:1069640097E7FF1F938787C583C777000D47631792
:10697400F700854717E7FF1F2307F7BCB2402244FF
:10698400924441018280011197E7FF1F83C737C3F7
:1069940006CE22CC858B17E7FF1F130727C2C1CF72
:1069A4003A84F533485097E7FF1FA38A07C081450F
:1069B40081461306F10097E7FF1F238307C097B0B2
:1069C400FF1FE78000AE93158501E1858DE15C50E2
:1069D4009306F00F03C70700630BD70097E7FF1F69
:1069E40083C797C26385D7006303F700894597E798
:1069F400FF1F938767BF038707006347070058504B
:106A04008346F1002300D7009C4B505093F5F50FBB
:106A14000945829797E7FF1F83C7C7BF898B81CB3F
:106A2400854517E5FF1F034525BFEFE03FD6F2403C
:106A340062440561828097E7FF1F9387A7BA9C434E
:106A4400FC5385E3A93397E7FF1F238B07B697E72A
:106A5400FF1F938767B99C4B01468145494582973F
:106A6400F9B7834777000D47E313F7FC854717E72A
:106A7400FF1F230AF7AC65BF797122D452CC56CAE2
:106A840006D626D24AD04ECE5AC893070008AA8A00
:106A94002E84328A6319F602BD4497B0FF1FE78043
:106AA40040C8E3FCA4FE97E7FF1F83C787B596079A
:106AB400C117E3E4A7FE97E7FF1F9387A7B29C43A0
:106AC40013078007F8D317E9FF1F1309E9AE03275B
:106AD4000900814597E4FF1F9384C4B05C5797E98C
:106AE400FF1F938969B0F19B93E717005CD717E503
:106AF400FF1F034575AFEFF03FBD8327090097E5FE
:106B0400FF1F938565B33706330098431377F7CF98
:106B140098C398431377F7CF1367072098C3984116
:106B24001447D18E14C794403706030013068625F4
:106B3400B0CA03A6890090C703A6C900D0C3DC422B
:106B440093E71700DCC25C4393F7F7EF5CC30100E3
:106B54000100984197E9FF1F938909AB17EBFF1FC9
:106B6400130BCBA55C4393E707105CC383C7E90011
:106B740093E7270017E7FF1F230FF7A89307FAFFF0
:106B840093F7F70F05476369F70C03250B02228679
:106B9400D68523004501A3008500090597A0FF1FA2
:106BA400E780E00F03270B029C4093150401C18189
:106BB400B8DF17E7FF1F230407A017E7FF1FA30091
:106BC40007A017E7FF1F230D079E0D4797E6FF1F3A
:106BD400A389E69E13070008631EEA08F8537DFFA5
:106BE40097E7FF1F938747969C432EC6829703A778
:106BF4008900B2456368E506198D83270B023704C3
:106C040080000D811307F42F6205598D88C317E5A1
:106C1400FF1F0345659D11850D89EFF00FD683276E
:106C240009009843418F98C3D857719BD8D797E7E9
:106C3400FF1FA387079897E7FF1FA38107989C402E
:106C4400094798C3B250225492540259F249624AF5
:106C5400D24A424B4561828093070008E314FAF458
:106C6400094489B797E7FF1F93878793DC43998F7C
:106C74003E9561B717E5FF1F0345059711850D89FB
:106C8400EFF0AFCF83270900B70680001715000087
:106C94001305C50F9843558F98C3D857719BD8D700
:106CA400EFE07FE597E7FF1F2386079697E7FF1F2F
:106CB400A388079097E7FF1FA38207909C4009478A
:106CC40098C383C7C90093F7F70FE5DFA5BF1C4935
:106CD400638D0718411122C406C626C283470500E6
:106CE4002A8493F7070489C75C410945638E07101A
:106CF40013060002814517E5FF1F1305E58E97A0D3
:106D0400FF1FE780A0FD13060002A28517E5FF1F01
:106D14001305858D97A0FF1FE78060F897E7FF1F95
:106D240083C7178E97E4FF1F9384048C99E7930716
:106D3400800217E7FF1FA305F78C97E7FF1F83C7A0
:106D4400478C91E7A14717E7FF1F230CF78A97E7C2
:106D5400FF1F83C7178B91E7C54717E7FF1FA302E0
:106D6400F78A97E7FF1F83C7E78991E7ED5717E78E
:106D7400FF1F2309F78897E7FF1F83C7B78891E7A9
:106D8400ED5717E7FF1FA30FF7868347040093F718
:106D9400070491CFDC4037B724001307F7E9636A8F
:106DA400F7069307500217E7FF1FA30FF78297E731
:106DB400FF1F93876785C84309C597B0FF1FE78006
:106DC40080B397E7FF1F23A3078483C70400858B41
:106DD40085C317E5FF1F0345F58293059004090554
:106DE40097B0FF1FE78000A297E7FF1F23A0A782A9
:106DF40083C71400014517E7FF1FA30EF7809C44C7
:106E040017E7FF1F232CF780B2402244924441012C
:106E14008280370725009306F74863EDF60037674D
:106E2400DBFF13070793BA971307007DB3D7E70275
:106E3400FD1795BF130707496395E70093076002A1
:106E44009DB737D725001307F777636DF7003767CA
:106E5400DBFF13070793BA971307007DB3D7E70245
:106E6400F91791B7930770023DBF05458280797188
:106E740026D297D4FF1F938424779C4406D622D429
:106E84004AD04ECE52CC56CA5AC85EC662C4638833
:106E9400072417D7FF1F0347D7729547AA8B17DA22
:106EA400FF1F130AAA710945630EF71E0D452E84B0
:106EB400328B368CEFF04FD297D7FF1F83C787757D
:106EC400898B97DAFF1F938A2A7485CB3D4997B043
:106ED400FF1FE7800085E37CA9FE97D7FF1F83C7C8
:106EE40047729607C117E3E4A7FE97D7FF1F93875E
:106EF400676F9C4313078007F8D397D9FF1F9389C3
:106F0400A96B03A709005C57F19B93E717005CD7B3
:106F140083C7CA00898B99E783C7040093F70704E2
:106F2400639E0718814517D5FF1F0345F56BEFF0E6
:106F3400AFF983A7090097D5FF1F9385E56F37063F
:106F44003300984317D9FF1F1309C9691377F7CF83
:106F540098C398431377F7CF1367072098C39841D2
:106F64001447D18E14C7832609003706030013067D
:106F74008625B0CA904490C7D044D0C383C70400C8
:106F840013F61700DC42F99BD18FDCC25C4393F704
:106F9400F7EF5CC30100010098415C4393E70710DD
:106FA4005CC383C7EA0093E7270017D7FF1F2304B6
:106FB400F76697D7FF1F2389676597D7FF1FA385B8
:106FC400876563800B1003250A022286DE85230071
:106FD4006501A3008500090597A0FF1FE78020CC69
:106FE40083270A02032709003CDF97D7FF1F238862
:106FF400075C97D7FF1FA384075C97D7FF1F2381E4
:10700400075C8D4797D6FF1FA38DF65A83C7CA0026
:10701400898B9DCB7C53FDFF97D7FF1F9387C75266
:107024009C43829703A78A006363E50A198D83272B
:107034000A0209041374F40FA38087000D81A29738
:1070440023800700A380A70017D5FF1F0345C55958
:1070540011850D89A285EFF04F9283C7040017F5BF
:10706400FFFF1305057D858B89E717F5FFFF1305E2
:10707400C573EFE05FA883A70900B7068000014548
:107084009843558F98C3D857719BD8D797D7FF1F6C
:10709400A388075297D7FF1FA382075283270900AB
:1070A400094798C3B250225492540259F249624A91
:1070B400D24A424BB24B224C456182808945C8403A
:1070C400BDB583270A02014423A0670111BF97D7E6
:1070D400FF1F9387E74CDC43998F3E9589BF054595
:1070E400D1B77971B7E700E026D28443370720008F
:1070F40006D622D44AD04ECE52CC56CAF98C23A0FE
:10710400E7180F10000017D4FF1F1304E44D1844B0
:1071140009EF23A097100545B25022549254025906
:10712400F249624AD24A4561828017D7FF1F13078A
:10713400A7580327470A09C723A097100945E9BFA1
:1071440083470400328AB689858B2E86AA8ABDC7F6
:1071540017D9FF1F1309494B8327490095E317D516
:10716400FF1F0345354A2EC609059305900497A0D1
:10717400FF1FE7802069324697D7FF1F23A8A7483F
:107184008327490099E7B7E700E023A097100D454E
:1071940061B717D7FF1F034747472380E7008327BB
:1071A4004900638F0A0429CEA380C7000325490040
:1071B400D685090597A0FF1FE78060AE17D7FF1F8C
:1071C400034737409547630CF70097D7FF1F83C7E2
:1071D400673F19476385E7000D476396E70297D732
:1071E400FF1F83C7373E99E79307801017D7FF1F08
:1071F400231AF73CB7E700E023A09710014529BF05
:10720400A380070065BF17D9FF1F1309A93D832772
:10721400090098430D8B0DC717D7FF1F23050732AD
:10722400B84B1377F78FB8CB98431367870098C38D
:107234009C438D83858B89C70100010001000100F7
:10724400832709003707020097DAFF1F938ACA3B96
:1072540023A2070698C797D7FF1F2383073697D71C
:10726400FF1F83C7273B918B89EB97D5FF1F83C5EE
:10727400A53793F70504639C0712814517D5FF1FB3
:1072840003459536EFF04FC417D5FF1F0345C535A9
:107294001185014697D5FF1F83C5C5360D89EFE0DB
:1072A4007FF817D7FF1F1307273114441C4394C7D3
:1072B4005444D4C383260900834704003A8413F654
:1072C4001700DC42F99BD18FDCC283A74A00BCDEE5
:1072D40097D7FF1FA38B473397D7FF1F23873733D6
:1072E40083C7EA0093E7470097D6FF1F2385F6324A
:1072F4009307000497D6FF1F2382F62C97D7FF1F0E
:107304002380072CA14797D6FF1FA38CF62A97D773
:10731400FF1F938727249C5791CB13060064C14514
:1073240017D5FF1F0345452FEFE0CFCF8327090073
:107334001705000013052533DC43858B89E7170502
:1073440000001305C507EFE00FFB184097D6FF1F99
:107354009386862E370633001C4393F7F7CF1CC35E
:107364001C4393F7F7CF93E707201CC39C4298472D
:10737400518F0326090098C73707030013078715A1
:1073840038CA17D7FF1FA30D072217D7FF1FA3075C
:107394000722054718C2D8431377F7EFD8C3010073
:1073A400010098425C4393E707105CC3A1B593F5D1
:1073B400050393E515004840F1B5011197D7FF1F68
:1073C40083C7D71F06CE22CC26CA4AC8858B17D7B7
:1073D400FF1F1307A71E6386072497D7FF1FA38FDA
:1073E400071C3A84A30701004453EFF04FBA97D720
:1073F400FF1F83C72722918B97D6FF1F9386C62032
:1074040017D9FF1F1309491E638A071A83C714007B
:10741400A69703C7070093070008631AF70083477A
:10742400090093E7870017D7FF1F230FF71A5C4C57
:107434000D47637FF710F11717D7FF1F232EF71897
:107444005C4C984663EDE7103387E74083C714002C
:1074540003C6C600A69783C71700620661868E0717
:107464006350061263F4E7101D8F9306000263EB6A
:10747400E600584C636FF70EB307F74017D7FF1FAA
:107484002328F718894517D5FF1F0345E518EFE0B2
:10749400EFAF83470900A18B638D071097D7FF1FB8
:1074A4009387471494439307800C1307F00FFCD27F
:1074B4001C5037063300014598C397D7FF1F23801C
:1074C400071097D7FF1FA38C070E97D7FF1F238999
:1074D400070E97D7FF1FA385070E97D7FF1F938724
:1074E400A70D98431C4393F7F7CF1CC31C4393F792
:1074F400F7CF93E707201CC397D7FF1F9387C713C2
:10750400984397D5FF1F83C5250E91851C478D8908
:10751400D18F1CC7B707030093878725BCCA0546CC
:1075240097A0FF1FE780000183470900DD9B17D761
:10753400FF1F230BF70A97D6FF1F83C6060D17D626
:10754400FF1F0346960C81450145EFF09FB9E1A06A
:1075540017D7FF1F1307C7045843BA97E9BD17D6B7
:10756400FF1F1306E6035042B297F9BD3387E74085
:10757400EDBD97D6FF1F9386A602D4423697EDBD84
:10758400584C6361F702B307F74017D7FF1F232155
:10759400F70883C7C60093E7070817D7FF1F230B15
:1075A400F706CDB517D6FF1F130686FF5042329754
:1075B400D9BF83C71400F917A380F400485081464B
:1075C40081451306F10097A0FF1FE78080ED5C5012
:1075D400931585019306F00F03C70700E185630C3B
:1075E400D70097D7FF1F83C757026386D70063046A
:1075F400F70093E525008307090063C7070089E5C1
:107604008347F1002380F40083270901505093F548
:10761400F50F0D458297F2406244D2444249056118
:10762400828097D7FF1F9387E7FB9C43FC5399EF16
:10763400EFF0EF9597D7FF1F9387C7F19C5BE38C1F
:1076440007EE8545130510088297F5B58347770043
:107654002147E312F7FC854717D7FF1F2305F7EEF1
:107664005DBF797197D7FF1F83C747F506D622D42C
:1076740026D24AD04ECE52CC858B17D7FF1F130784
:10768400E7F3638407260329470281461306F100C2
:1076940081454A853A84A307010097D7FF1F238FAA
:1076A40007F097A0FF1FE780C0DF131A8501135A64
:1076B4008A4163120A0297D7FF1F83C717F59306FF
:1076C400F00F638AD7005850034707006305D700BB
:1076D4006303F700094A97D4FF1F9384E4F0838778
:1076E400040097D9FF1F938929F263C60714631610
:1076F4000A148347F1002300F90083C7C900918B62
:10770400D1CB5C4C0D47637DF716F11717D7FF1FDC
:107714002324F7EC5C4C03A7890063EAE71633875C
:10772400E7408347190083C6C900CA9783C7170077
:10773400E206E1868E0763DD061663F1E7161D8F08
:107744009306000263EBE600584C636CF714B3072E
:10775400F74017D7FF1F232DF7EA894517D5FF1FD9
:10776400034585EBEFE08F82834719003307F90067
:1077740083460700130700086395E6161C50130799
:10778400F00F98C383C7040093E7870017D7FF1F40
:10779400230CF7E497D7FF1F938707EA98435C57B6
:1077A4008583858BA1C3DC40C165938505A0B3D6D1
:1077B400B702370510FE7D15B3F7B702FD8A13969D
:1077C40046017443E98ED18E74C39306A00F370625
:1077D400FCFFAA07B3D7D7027443F18EBA07B98363
:1077E400D58F7CC383A7490017D5FF1F0345C5DF89
:1077F400118583C517000D89EFE03F981705000038
:1078040013056513EFE02FAF97D7FF1F9387C7DAF0
:107814009C43B70680009843558F98C3D857719BF3
:10782400D8D783C70400A18BA1E79C485050814559
:107834000D45829735A8E3020AECEFE0BFB19C48FE
:1078440050500D459375FA0F829703A5490017D63A
:10785400FF1F034696DB97D6FF1F83C606DB09C5C9
:1078640083451500090519A081450145EFF07F877F
:10787400B250225492540259F249624A45618280BC
:1078840017D7FF1F1307C7D15843BA97BDBD97D663
:10789400FF1F9386E6D0D442B69751B53387E740AD
:1078A40045B597D6FF1F9386A6CFD442369745B5E4
:1078B400584C6361F702B307F74017D7FF1F23291A
:1078C400F7D483C7C90093E7070817D7FF1F23031B
:1078D400F7D461B597D6FF1F938686CCD4423697EA
:1078E400D9BFF917A300F90075B597D7FF1F938780
:1078F40067CF9C43FC539DE3EFE07FE997D7FF1FDD
:10790400938747C59C5B89C78945130510088297EF
:1079140097D7FF1F938747CFC84315BF8347770087
:107924002147E317F7F4854717D7FF1F230DF7C047
:1079340081B7411197D7FF1F83C757C806C622C412
:10794400858B8DCB97D7FF1FA38A07C6EFE03FE453
:1079540097D7FF1F938747C903C707003E84218B2E
:1079640021E703A307010146814511452244B240A2
:107974004101028397D7FF1F9387C7C69C43FC53DB
:10798400ADE797D7FF1F238D07C297D7FF1F9387B4
:10799400A7C503C707003E84218B19E703A307018A
:1079A400014681455145D9B797D7FF1F9387C7C56E
:1079B400C84317D6FF1F034656C597D6FF1F83C675
:1079C400C6C40DC1834515000905EFF08FF1834747
:1079D4000400DD9B17D7FF1F2308F7C0B2402244E1
:1079E4004101828081450145CDB7854717D7FF1FE7
:1079F400230BF7B4E5B74111B7E700E022C4804395
:107A04003707200006C6798C23A0E7180F10000062
:107A140097D7FF1F238107C097D7FF1F9387C7BE40
:107A2400C84309C597A0FF1FE780E0EC97D7FF1F65
:107A340023AE07BC17D7FF1F0347D7B897D7FF1F3D
:107A44009387C7B701CF97D6FF1F83C6A6B7214731
:107A54006396E60017D7FF1FA30607B603C7770090
:107A640099466387E60003C777009D46639DE60059
:107A740083C7770017D7FF1F2306F7B4854717D7A7
:107A8400FF1FA301F7B4EFE0FF8CC14517D5FF1F1B
:107A9400034585B897D7FF1F238707AAEFD01FEFA9
:107AA400B7E700E023A08710B2402244014541011A
:107AB4008280411106C622C426C217D4FF1F1304B4
:107AC400A4B4153F8347F400A14517D5FF1F034510
:107AD400A5B417D7FF1FA309F7B05C4897D4FF1FBD
:107AE400938484B017D7FF1F2324F7B0EFD01FEA85
:107AF400914517D5FF1F034525B2EFD03FE98347D2
:107B0400C400898B9DC39C4801468145130520020E
:107B140082972244B240924497D7FF1F238C07AE2A
:107B24008945014541016FD0BFFB8347C400918B58
:107B3400EDD39C480146814513054002D1BF97D738
:107B4400FF1F83C727AD898B638B0712011152C4B2
:107B540006CE22CC26CA4AC84EC656C25AC017D729
:107B6400FF1F034717A68D4717DAFF1F130A0AA53D
:107B74009145630FF70A354501798569EFE0DF85A3
:107B8400A14417D4FF1F1304E4A57D19938929F98F
:107B94001306000881450145EFE01FEEB70A020015
:107BA400130B00F883472A00858B85E31C40FC53A4
:107BB400F5FBFD14F1FC6244F240D2444249B2495F
:107BC400224A924A024B0561EDB517D5FF1F0345C2
:107BD400A5A1118501469305F00F0D8997D7FF1FC5
:107BE400238F079CEFE00FE497D5FF1F83C5C59F44
:107BF40091851306F00F8D89054597A0FF1FE78037
:107C0400609383473A00858BB9C397D7FF1FA38836
:107C1400079AEFE0DFB797D7FF1F9387E79E83C7E5
:107C2400C700854593E7070817D7FF1F2304F79E6E
:107C34006244F240D2444249B249224A924A024B37
:107C440017D5FF1F0345459D05616FD03FB4EFE095
:107C54001FB41C40D847B3762701D4C70F100000C7
:107C64001C4023A4570197D6FF1F238B669523A29C
:107C74003707D8C71C40FC5395DB0100E5BF828061
:107C8400411122C406C693F715002E84A1CB97D7C1
:107C9400FF1F83C72798898B85CF97D7FF1F9387AB
:107CA400A79683C7C70017D5FF1F0345E59613069C
:107CB4000005E207E18763DA070017D6FF1F0346D2
:107CC40036949307000A3306F6029145EFD09FB528
:107CD40013451400B24022444101828093F72500E9
:107CE400B9C797D7FF1F83C7E792918B95CF97D7D3
:107CF400FF1F9387679183C7C70017D5FF1F0345ED
:107D0400A5911306000AE207E18763DC070017D692
:107D1400FF1F0346F68E9307000A3306F602130686
:107D24008602A145EFD01FB01345240065B793F731
:107D3400450089C729351345440069BF93F7850079
:107D440099CB97D7FF1F83C7E78C918B91C395334A
:107D54001345840041B793F705010145A5DFEFE022
:107D64008F9117D7FF1F0347D785A147631BF700E0
:107D740013060064C14517D5FF1F0345E589EFD0FD
:107D84007FAA13450401B9B7411197D7FF1F83C7D1
:107D9400078306C622C426C2858B6384071E17D5B3
:107DA400FF1F0345658411850146930500020D8973
:107DB40097D7FF1F23850780EFE0CFC697D5FF1F16
:107DC40083C5858291851306F00F8D89054597C477
:107DD400FF1F9384A47E9790FF1FE780A07583C73D
:107DE4003400858B638F0718C85097C7FF1FA3887B
:107DF400077C81460146814597C7FF1F2381077C85
:107E04009790FF1FE780E069631D0516C0509547F2
:107E1400034724006317F716194697C5FF1F938578
:107E2400E574130594009790FF1FE78040EE8547A3
:107E34006319F5149C501947814598C317C5FF1F52
:107E44000345857A11850D89EFE02FB397C5FF1F90
:107E540083C58579918501468D890D459790FF1FCE
:107E6400E780406D83C72400858B638C071097C718
:107E7400FF1F2386077497C7FF1F9387E76C9C43F4
:107E8400829797C7FF1F23A5A778EFF0DFB697C7A0
:107E9400FF1FA38B077497C7FF1FA38D0776834724
:107EA40034018146814517C7FF1FA30BF77483472D
:107EB40044011305000217C7FF1F2304F774834707
:107EC400540117C7FF1FA30EF7720347040183472A
:107ED400F40022075D8F83471401C2075D8F834737
:107EE4002401E207D98F17C7FF1F2323F770034725
:107EF40074018347640122075D8F83478401C207AD
:107F04005D8F83479401E207D98F17C7FF1F23278B
:107F1400F76E17C7FF1FA3010770014733D6D700B9
:107F2400058A09C605071377F70F85458506E39784
:107F3400A6FE89C597C7FF1FA380E76E8347A401E8
:107F440093053400194617C7FF1F230BF76A17C59B
:107F5400FF1F1305256D894717C7FF1F230CF76AF9
:107F64009790FF1FE780A0D32244B240924417C5E4
:107F7400FF1F0345656A13068002914541016FD0D6
:107F84007F8AEFE02FBDB2402244FD5717C7FF1F81
:107F94002302F768924441018280411106C622C43B
:107FA400EFE08FE213064002814517C5FF1F13055A
:107FB400A5659790FF1FE78060D217C4FF1F1304C5
:107FC400A464FD57170500001305C5CB1CC0EFD0F2
:107FD400FFC72308A400B240224401454101828026
:107FE40097C7FF1F938747659C4313070048B7064D
:107FF40000F998D7D85FFD16758FB7060002558F24
:10800400D8DFD85FB70600400E070D83558FD8DF41
:10801400F84BC576FD16419B13679700F8CBD85FE4
:10802400758F9566558FD8DF985B9D6613670770CB
:1080340098DB985B558F98DB985BB7060700558FE4
:1080440098DB985BB7060090FD16758FB706001095
:10805400558F98DBF847B706F9FFFD16619BF8C703
:10806400F84F758FF8CFF84FB70690FFFD16758F50
:10807400F8CF17C7FF1F0347274F1377070C19C7FC
:10808400B847B7060080558FB8C78280B84706073F
:108094000583DDBF17C7FF1F1307075A1C4341762B
:1080A4007D16B44BF18EB4CB944737062000D18EA5
:1080B40094C7D44793E60601D4C7D447BD9AD4C71E
:1080C400010001000100010014430566DC4693E74A
:1080D4000701DCC6DC42D18FDCC297C7FF1F938740
:1080E40067509043930740067CD27C5291C783A784
:1080F400C609A183858BF5DB0100010001000100A5
:108104001C43416603A7C709B44BD18EB4CB937605
:10811400F701B84B019B558FB8CB9847B706E0FFE2
:10812400FD16758F98C7828097C7FF1F9387C75026
:108134009C4341777D17B44F4166F98EB4CF944781
:10814400D18E94C7D44793F6F6EFD4C7D443758F32
:10815400D8C3D44793E60610D4C7D843518FD8C3A5
:108164008280397122DC17C4FF1F1304E44C1C40C5
:1081740006DE26DA4AD84ED652D456D25AD05ECE2D
:1081840062CC66CA6AC86EC6D843FD76FD161377FC
:10819400F7EFD8C39857758F98D7D857B70602000A
:1081A4003D9BD8D79847558F98C7D8431367070185
:1081B400D8C317C7FF1F1307A747144337573412F1
:1081C40013078767E38FE64AD84381749384F40FD7
:1081D400799BD8C3985FB166938606F0658F558FF7
:1081E40098DFD84313671700D8C39790FF1FE78021
:1081F400C05D1C4003A707091377F7032384E18CB0
:1082040003A7470929831377F707A384E18CD8438D
:10821400B96693860670799BD8C3985F658F558F2E
:1082240098DFD84313671700D8C39790FF1FE780E0
:10823400C0591C4003A707091377F70397C6FF1F0C
:10824400A38EE63E03A7470929831377F70797C64A
:10825400FF1F2381E63ED843B56693860630799B9B
:10826400D8C3985F658F558F98DFD843136717007D
:10827400D8C39790FF1FE78040551840832707090C
:1082840093F7F70397C6FF1F238AF63A8327470914
:10829400A98393F7F70717C7FF1F2309F7381C4073
:1082A40017CCFF1F034C8C3983C6818C03A7070AA4
:1082B400B386864113F6F600419B518F23A0E70A4B
:1082C400130760023387E6021306700283A5070AC8
:1082D4007D7E130EFE0F93F5F5F0130540024573F2
:1082E4007D13130430023347C702B708F1FFFD18AA
:1082F40013082002930E10027D4FF94FF542F1430B
:108304006D4DD14B454BBD443949314AAD4AB54910
:108314003D8B12074D8F9305500223A0E70A338744
:10832400B60283A5070AB3F5C5013347C7023D8BDF
:1083340022074D8F23A0E70A3387A60283A5070AE5
:10834400370500F17D15B3F565003347C7023D8B52
:1083540032074D8F23A0E70A3387860283A5070AD5
:108364006144B3F515013347C7023D8B42074D8F76
:1083740023A0E70A3387060383A5070A370810FFFB
:108384007D18B3F505013347C7023D8B52074D8F66
:1083940023A0E70A3387D60383A5070AB70E001084
:1083A400FD1EE98D3347C7023D8B62074D8F23A025
:1083B400E70A139756003347C7029315C70103A76B
:1083C400070A3377D7014D8F23A0E70A3387E603E3
:1083D4005D4F3347C7029375F70003A7470A419BD4
:1083E4004D8F23A2E70A3387F60383A5470AD94FA3
:1083F40093F5F5F03347C7023D8B12074D8F23A247
:10840400E70A3387560283A5470AD542B3F5C50167
:108414003347C7023D8B22074D8F23A2E70A3387D8
:10842400760283A5470ACD43B3F565003347C702F7
:108434003D8B32074D8F23A2E70A3387A60383A51A
:10844400470A494DB3F515013347C7023D8B42072F
:108454004D8F23A2E70A69473387E60283A5470ABB
:10846400B3F505013347C7023D8B52074D8FE545F0
:1084740023A2E70A3387B60283A5470AE98D334767
:10848400C7023D8B62074D8F23A2E70A338786021A
:108494000D443347C7029315C70103A7470A33772F
:1084A400D7014D8F23A2E70A3387E603254F3347CD
:1084B400C7029375F70003A7870A419B4D8F23A436
:1084C400E70A3387F60383A5870A9D4F93F5F5F0F2
:1084D4003347C7023D8B12074D8F23A4E70A338726
:1084E400560283A5870A9942B3F5C5013347C702EB
:1084F4003D8B22074D8F23A4E70A3387760383A598
:10850400870AB3F565003347C7023D8B32074D8FA9
:1085140023A4E70A3387760283A5870A9543B3F534
:1085240015013347C7023D8B42074D8F23A4E70A49
:108534003387A60383A5870A294DB3F5050133477D
:10854400C7023D8B52074D8F23A4E70A3387660386
:1085540083A5870AE98D3347C7023D8B62074D8F98
:1085640093954600B3C5C50223A4E70A03A7870A67
:108574003377D701F2054D8FB385960223A4E70A1A
:1085840003A7C70A419BB3C5C502BD894D8F23A666
:10859400E70A3387260383A5C70A93F5F5F0334723
:1085A400C7023D8B12074D8FB3C5860223A6E70A87
:1085B40003A7C70A3377C701BD89A2054D8F23A638
:1085C400E70A3387460383A5C70AB3F56500334733
:1085D400C7023D8B32074D8F23A6E70A3387560324
:1085E40083A5C70AB3F515013347C7023D8B42077C
:1085F4004D8F23A6E70A3387A60383A5C70AB3F5DD
:1086040005013347C7023D8B52074D8F23A6E70A66
:108614003387E60383A5C70AE98D3347C7023D8B39
:1086240062074D8F93953600B3C5C50223A6E70AAA
:1086340003A7C70A3377D701F2054D8FB385F60335
:1086440023A6E70A03A7070B419BB3C5C502BD894F
:108654004D8F23A8E70A3387560283A5070B93F5AA
:10866400F5F03347C7023D8B12074D8F23A8E70A65
:108674003387760283A5070BB3F5C5013347C702D9
:108684003D8B22074D8F23A8E70A13972600334713
:10869400C70283A5070BB3F565003D8B32074D8FE9
:1086A400B3C5360323A8E70A03A7070B33771701DB
:1086B400BD89C2054D8F23A8E70A139716003347D7
:1086C400C70283A5070BB3F505013D8B52074D8FF8
:1086D400B3C5C60223A8E70A03A7070B698FBD89A0
:1086E400E2054D8F23A8E70A03A7070B9305800231
:1086F4003377D70123A8E70A17C7FF1F034717F4E7
:108704003307EC40B34DB70283AC470B93FC0CFF2B
:10871400B34B770393FDFD00B3ECBC0123AA970B85
:1087240083AC470BCD4D93FCFCF093FBFB00920B09
:10873400B3EB7C0123AA770BB30B870283AC470B03
:10874400B3FCCC01B3CBBB0293FBFB00A20BB3EB9A
:108754007C01B34CA70323AA770B83AB470BB3FB72
:108764006B0093FCFC00B20CB3EB9B0123AA770BC8
:10877400A14BB34B770383AC470BB3FC1C0193FBB6
:10878400FB00C20BB3EB7C0123AA770BB30B57029C
:1087940083AC470BB3FC0C01B3CBBB0293FBFB00D4
:1087A400D20BB3EB7C0123AA770BB30BF70383AC97
:1087B400470BB3FCAC00B3CBBB0293FBFB00E20B57
:1087C400B3EB7C01B34C770223AA770B83AB470B43
:1087D400B3FBDB01F20CB3EB9B01B30CE70323AA5D
:1087E400770B83AB870B93FB0BFFB3CCBC02B30AB1
:1087F400570393FCFC00B3EB9B0123AC770B914B29
:1088040083AC870B93FCFCF0B34B7703330A470329
:1088140093FBFB00920BB3EB7C0123AC770B83AB94
:10882400870BD54CB3FBCB01B3CABA02B3093703E8
:1088340093FAFA00A20AB3EA5B0123AC570B83AAAA
:10884400870BD94BB3FA6A00334ABA0233092703B8
:10885400137AFA00320A33EA4A0123AC470B03AA1B
:10886400870BE14A337A1A01B3C9B902B3049702F8
:1088740093F9F900C209B3693A0123AC370B83A910
:10888400870B654AB3F909013349B902B3C4B40289
:108894001379F900520933E9290123AC270B03A901
:1088A400870BE9493379A900330B6703BD88E204D8
:1088B400B36499001319470023AC970A83A4870B68
:1088C400B3F4D4013349B902334BBB027209B3E4A4
:1088D400240123AC970A83A4C70BC198137BFB0024
:1088E40033EB6401C944B304970223AE670B03A9B5
:1088F400C70B5D4B1379F9F0B3C4B402BD8892047D
:10890400B364990023AE970AB304B70303A9C70B52
:10891400F54D3379C901B3C4B402BD88A204B3646C
:10892400990023AE970A8944B344970203A9C70B5D
:1089340033796900BD88B204B364990023AE970A01
:10894400B304970303A9C70BF94C33791901B3C4D2
:10895400B402BD88C204B364990023AE970AB30479
:10896400770303A9C70BFD4B33790901B3C4B402E0
:10897400BD88D204B364990023AE970AB304670395
:1089840003A9C70B130B10023379A900B3C4B402B3
:10899400BD88E204B364990023AE970AB304570375
:1089A40003A9C70B930A20023379D901B3C4B402D3
:1089B400F204B364990023AE970AB304470303A9EE
:1089C400070C130A3002137909FFB3C4B402BD883B
:1089D400B364990023A0970CB304370303A9070CCD
:1089E400930940021379F9F0B3C4B402BD88920428
:1089F400B36499006D4923A0970CB304270303A91A
:108A0400070C3379C901B3C4B402BD88A204B364AA
:108A1400990023A0970CF144B304970203A9070C0F
:108A240033796900B3C4B402BD88B204B364990055
:108A340023A0970CB304B70303A9070C33791901D6
:108A4400B3C4B402BD88C204B364990023A0970CD4
:108A5400B304970303A9070C33790901B3C4B4021F
:108A6400BD88D204B364990023A0970CB3047703A0
:108A740003A9070C3379A900B3C4B402BD88E20486
:108A8400B364990023A0970C93145700B3C4B402A1
:108A94001399C40183A4070C3306C702B3F4D401A9
:108AA400B3E4240123A0970C03A9470C137909FF0D
:108AB400B3046703B3C4B402BD88B364990023A2AA
:108AC400970CB304570303A9470C1379F9F0B3C403
:108AD400B402BD889204B364990023A2970CB30432
:108AE400470303A9470C3379C901B3C4B402BD8851
:108AF400A204B364990023A2970CB304370303A917
:108B0400470C33796900B3C4B402BD88B204B364BA
:108B140099001309500223A2970CB304270303A955
:108B2400470C33791901B3C4B402BD88C204B364D9
:108B3400990023A2970C93046002B304970203A93B
:108B4400470C33790901B3C4B4023346B602BD8875
:108B5400D204B364990023A2970C83A4470CE98C34
:108B64003D8A6206458E23A2C70C03A6470C9314C4
:108B7400C7013376D601458E23A2C70C1306900293
:108B84003306C70283A4870CC1983346B6023D8AD4
:108B9400458E23A4C70C1306A0023306C702B345AF
:108BA400B60203A6870C1376F6F0BD899205D18D23
:108BB40023A4B70C97C5FF1F83C545A717C6FF1F7E
:108BC400034646A73386C540B304A60303A9870C0E
:108BD4003379C901B3C4E40293E48400BD88A204D8
:108BE400B364990023A4970CB304E60303A9870C88
:108BF40033796900B3C4E40293E48400BD88B20409
:108C0400B364990023A4970C93143600B3C4E4020C
:108C140003A9870C3379190193E48400BD88C20445
:108C2400B364990023A4970CB304F60303A9870C37
:108C340033790901B3C4E40293E48400BD88D20407
:108C4400B364990023A4970CB304560203A9870CB8
:108C54003379A900B3C4E40293E48400BD88E20438
:108C6400B364990023A4970CB304760203A9870C78
:108C74003379D901B3C4E40293E48400F204B36405
:108C8400990023A4970C93142600B3C4E40203A907
:108C9400C70C137909FF93E48400BD88B364990079
:108CA40023A6970CB304860203A9C70C1379F9F021
:108CB400B3C4E40293E48400BD889204B3649900CD
:108CC40023A6970C93141600B3C4E40203A9C70C9B
:108CD4003379C9013347E60293E48400BD88A204D2
:108CE400B364990023A6970C03A6C70C33766600D9
:108CF400136787003D8B3207518F23A6E70C03A728
:108D0400C70C3377170123A6E70C03C7918C0D8F8B
:108D14003346D70293F5F507E2053D8A93144601DD
:108D240003A6C70C3304870233760601458E23A6B7
:108D3400C70C1316170083A4C70CE98C3346D6025C
:108D44003D8A6206458E23A6C70C03A6C70C33448E
:108D5400D402B37ED60113162700B303770272043C
:108D640033E48E0023A6870C3346D602B30257029F
:108D7400937EF60003A6070D419A3366D60123A815
:108D8400C70C03A6070DB3C3D3021376F6F0B3C220
:108D9400D20293F3F3009203B363760023A8770C13
:108DA40003A6070D337EC601B30FF70393F2F20057
:108DB400A202B3625E0023A8570C03A6070D337307
:108DC400660013163700B3CFDF02330FE70393FFB8
:108DD400FF00B20FB36FF30123A8F70D03A3070D30
:108DE400B37813013346D602330DA7033D8A4206F6
:108DF40033E6C80023A8C70C03A6070D3378060181
:108E0400334FDF02B346DD02137FFF00520F336F8F
:108E1400E80123A8E70D03A7070D798DBD8AE206B3
:108E2400C98E23A8D70CD84385663D9BD8C3D843A5
:108E3400799BD8C39857558F98D7D857B7060081D0
:108E4400FD1613670701D8D71377FC0303AC870318
:108E5400137C0CFC336CEC0023AC8703985F758F98
:108E6400D98D8CDF6254F250D2544259B259225AED
:108E7400925A025BF24B624CD24C424DB24D21618C
:108E8400828097B7FF1F23A5077A6FF04FC197B76A
:108E9400FF1F9387677A98435C4393E707105CC38B
:108EA400828097C7FF1F9387E78017B7FF1F1307B9
:108EB400E77F9C43184301456313F700828083D600
:108EC400670081E683D6470036959C43F5B797B78C
:108ED400FF1F938727688C4317B7FF1F0357C76784
:108EE40041111386052297B7FF1F23A5C77C9387DB
:108EF40085FFBA97056597B6FF1F23A9F67A06C6BC
:108F04001D05935637006374E5009306002033076C
:108F1400D60017B5FF1F232DE57823A0E522E1161F
:108F24002312D600231306001CC3998FE1172312C2
:108F3400F70023130700B537B24097B7FF1F2392FA
:108F4400A75C4101828017B7FF1F034797679547C6
:108F5400630BF70097B7FF1F9387476683C77700B4
:108F64000D47631FF70097B7FF1F83C7B765639764
:108F740007149307701017B7FF1F2315F764828037
:108F8400011197B7FF1F938727730D4526CA4AC857
:108F940006CE03A9070922CC4EC697B4FF1F9384BB
:108FA400A461EFD06FC39840B7C7898E938767EDEC
:108FB4001CC7B7575500938757555CC30347A9038C
:108FC4009307F00F6305F700FD57230DF90297B9D6
:108FD400FF1F9389296103A709008547A30CF902A0
:108FE4005C430145014693E717005CC3930720FBEC
:108FF4002303F9009D4717B7FF1FA304F75C97B736
:10900400FF1F238D075A9305500297B7FF1F23892B
:10901400075A17B4FF1F13042462EFD0AFA01840FF
:1090240001455C57F59B5CD783475900944013F77F
:10903400F7079C4293F707F8D98F9CC297B7FF1F95
:1090440083C7C75691C797B7FF1F9387677988432C
:10905400EFC07FAA9840B70633001C4393F7F7CFBD
:109064001CC31C4393F7F7CF93E707201CC31C4092
:109074009847558F83A6090098C73707030013073D
:109084008715B8CA17B7FF1FA30C075217B7FF1FDE
:10909400A3060752054798C2D8431377F7EFD8C3FE
:1090A4000100010018405C4393E707105CC3F240E1
:1090B4006244D2444249B24905618280828017B732
:1090C400FF1F034717509547630BF70097B7FF1F20
:1090D4009387C74E83C777000D47631FF70097B781
:1090E400FF1F83C7374E639F07109307601017B79E
:1090F400FF1F2319F74C8280411197B7FF1F9387F5
:10910400A75B194522C426C2E05F06C64AC0EFD059
:10911400AFAC97B7FF1F9387274A944337C7898E0D
:10912400130767ED98C63757550013075755D8C22C
:10913400034724029306F00FBE846307D700FD574C
:10914400A300E4022301F4020345140289476303E4
:10915400F500014517B9FF1F1309C9480327090082
:1091640001469305F00F5C4393E717005CC3930734
:1091740010FA2305F400994717B7FF1FA303F74418
:1091840097B7FF1F238C074297B7FF1F238A074215
:10919400EFD04F8997B7FF1F9387074A9443DC5654
:1091A400F59BDCD69C40034794001376F70798435D
:1091B400137707F8518F98C398431377F7CF98C361
:1091C40098431377F7CF1367072098C39C46370754
:1091D4003300B240D98F032709009CC6B7070300A8
:1091E400938787153CCB97B7FF1FA38B073C97B793
:1091F400FF1FA385073C224485471CC392440249B0
:10920400410182808280014863C6050E63DB06004B
:109214003306C040B337C000B306D0401348F8FF4C
:109224009D8EB6873283AA8EAE886391061863FC3E
:10923400C50C41676361E61EB70700016365F63636
:1092440093568601E147171700001307A7A6369720
:1092540003470700BA97130700021D8F19CBB39574
:10926400E500B357F5003313E600B3E8B700B31EC7
:10927400E50013560301B3D7C80293160301C18254
:1092840013D70E01B3F5C8023385F602C205B3E85D
:10929400E50063FAA8009A981387F7FF63E468006F
:1092A40063E9A832BA87B388A840B3D5C802C20E0E
:1092B40093DE0E01B3F8C802B386B602C208B3E85F
:1092C400D80163FBD8009A981387F5FF63E568001B
:1092D400F91563E3D800BA85139507014D8D8145CF
:1092E400630908003305A040B337A000B305B040BC
:1092F4009D8D82803305A040B337A000B305B040F4
:109304009D8D7D5821B701E605433353D302416750
:10931400636AE30EB7070001636BF3289356830176
:10932400E147171700001307E7983697034707002C
:10933400BA97130700021D8F65EB93180301B386D8
:109344006540135F030193D80801854513D70E01C7
:10935400B3D7E603B3F6E60333861703C206558F85
:10936400637AC7001A979386F7FF6364670063659F
:10937400C726B687118FB356E703C20E93DE0E01DC
:109384003377E703B388160342073367D701637B58
:1093940017011A971386F6FF63656700F91663636E
:1093A4001701B28613950701558D1DBF63E1D504DE
:1093B400C16763E1F604B707000163E2F61E93D8C0
:1093C40086016147971700009387C78EC69703C32A
:1093D4000700930700023A93B3876740E9EB63EC15
:1093E400B61C3335C500134515008145D5BD8145EF
:1093F4000145FDB59307F00F63F2D71C93D886009F
:109404002147C9B71307F00F9A86E37C67F0935698
:109414008300A14739B71307F00FB286E375C7E29B
:1094240093568600A14705B53313E30033D6F50000
:10943400135F0301335EE603B396E500B357F5000B
:10944400DD8E9318030193D80801B31EE50093D56C
:109454000601B377E6033387C803C207CD8F63FBE6
:10946400E7009A971306FEFF63E3671663F1E716B6
:10947400791E9A97998F33D6E70313970601418390
:10948400B3F7E7033385C80293960701D98E63FBCC
:10949400A6009A969307F6FF63E7661263F5A61291
:1094A40079169A9693150E01898ED18D45B5335749
:1094B4006600B396F600D98EB3D8650013DF0601B3
:1094C400B3DEE803139E060133536500135E0E01F9
:1094D400B395F500B365B30013D705013316F60051
:1094E400B3F8E8033303DE03C20833E7E800637B21
:1094F400670036979388FEFF6369D70C6377670C20
:10950400F91E3697330767403353E703C205C18119
:109514003377E703B3086E024207D98D63FB150165
:10952400B6951307F3FF63EED50863FC15097913A9
:10953400B695C20E416FB3EE6E001307FFFFB3F68C
:10954400EE0013D30E01718F4182338EE602B38590
:109554001541B386C60293580E013307E302BA9647
:10956400C6963306C30263F3E6007A9613D3060164
:109574001A9663E2C5026385C500768581458DB37D
:1095840041677D17F98EC206337EEE00B317F500EE
:10959400F296E3F4D7FE1385FEFF814591B393D889
:1095A4000601414705B593560601C14769B993566B
:1095B4000301C147BDB3814505451DB3B6880147C5
:1095C40011B53A83BDB73E86F1BDC68E25BF328E36
:1095D40055B5F9179A98C1B9F9171A9761BBB687A7
:1095E400B2882A832E88639D061463F9C50A4167ED
:1095F400636EE61AB70700016363F6349356860177
:10960400E147170700001307E76A36970347070087
:10961400BA97130700021D8F19CB3398E500B3578F
:10962400F500B318E60033E807013313E50013D659
:1096340008013355C80293960801C1829357030168
:109644003377C802B385A60242073368F700637A0A
:10965400B80046989307F5FF636418016367B83050
:109664003E853308B8403357C802420313530301FD
:109674003378C802B386E602420833686800637B25
:10968400D80046989307F7FF636518017917636359
:10969400D8003E874205598D8145828001E6054701
:1096A400B358C702416763EAE80EB707000163ECE9
:1096B400F82893D68801E147170700001307875F4E
:1096C400369783460700BE9693070002958FE5EB15
:1096D400939E08013387154113DF080193DE0E01C1
:1096E4008545935703013355E7033377E703B306FF
:1096F400D5034207D98F63FAD700C6971307F5FF3E
:1097040063E4170163E6D7263A85958F33D7E703D9
:10971400420313530301B3F7E703B30ED703C2079E
:10972400B3E7670063FBD701C6979306F7FF63E5CA
:109734001701791763E3D70136874205598D828073
:1097440063E2D504C16763E2F604B707000163E48A
:10975400F61E13D786016148970700009387875543
:10976400BA9703C70700130E00024297330EEE4068
:10977400631A0E0C63EDB61C3335C5001345150092
:10978400814582808145014582809307F00F63F310
:10979400D71C13D786002148C1B71307F00FC6861C
:1097A400E37C17F193D68800A14739B71307F00F6C
:1097B400B286E378C7E493568600A14799B5B39877
:1097C400F80033D6D50013DF0801335EE603339780
:1097D400F500B356D500558F939E080193DE0E0114
:1097E4003313F50093550701B376E603B387CE032D
:1097F400C206CD8E63FBF600C6961306FEFF63E435
:10980400161763F2F616791EC6969D8E33D6E603B6
:1098140093170701C183B3F6E6033385CE0213978A
:1098240006015D8F637BA70046979307F6FF636885
:1098340017136376A7127916469793150E01098FAD
:10984400D18D45B5B357E600B396C601DD8E33D34B
:10985400E50013DF0601B357E303939E060193DE8D
:109864000E013398C5013357E50033680701935857
:1098740008013316C6013373E303B385FE024203C2
:10988400B368130163FBB800B6981387F7FF63EA64
:10989400D80C63F8B80CF917B698B388B84033D726
:1098A400E803420813580801B3F8E8033383EE02CF
:1098B400C208B3E5080163FB6500B6951308F7FF1A
:1098C40063EDD50863FB65087917B695C207416F48
:1098D400D98F1307FFFFB3F6E70093D80701718F01
:1098E4004182B38EE602B3856540B386C60213D8BF
:1098F4000E013387E802BA96C2963386C80263F330
:10990400E6007A9693D80601469663E2C50263851B
:10991400C5003E858145828041677D17F98EC20668
:10992400B3FEEE003315C501F696E374D5FE138538
:10993400F7FF8145828013D70601414831BD935614
:109944000601C1477DB993D60801C147B5B3814526
:10995400054582803687014801B5428785BF3E862A
:10996400E9BDBA871DBF328E4DB579154698D5B974
:109974007915C69759BB01476314E60001458280F7
:10998400B307E5000507B386E50083C7070083C670
:10999400F6FFE383D7FE3385D7408280B3C7A500A3
:1099A4008D8B3307C50081E78D4763EEC700AA8717
:1099B4006370E50A83C6050085078505A38FD7FE76
:1099C400E3EAE7FE828093763500AA8791CA83C6CC
:1099D400050085078505A38FD7FE93F63700FDB7ED
:1099E4009376C7FF138606FE63F0C70683A30500BC
:1099F40083A2450083AF850003AFC50083AE050194
:109A040003AE450103A3850183A8C50193854502DF
:109A140023A0770003A8C5FF23A2570023A4F701BE
:109A240023A6E70123A8D70123AAC70123AC670013
:109A340023AE17019387470223AE07FF75B7904102
:109A44009107910523AEC7FEE3EBD7FEE3E4E7F607
:109A54008280AA87850703C7F7FF6DFF3385A74078
:109A64007D158280050F2100011C100500DF60DDDB
:109A7400D88945C74C9CD2659D9E648A9F0000038B
:109A840006AA002000000000090262000301008011
:109A9400640904000002FF000002070501024000FF
:109AA4000007058102400000080B010202020000C9
:109AB400090401000102020000052400100105242C
:109AC40001000204240202052406010207058203A0
:109AD40008000A09040200020A0000000705030244
:109AE400400000070583024000000000981B0000AE
:109AF400A21B00000000000000000000AC1B0000DE
:109B0400000000004C1A0020000000001C1A002075
:109B140012011002EF020140280D040200010102AB
:109B2400030100003031323334353637383941429D
:109B340043444546000000000A00000000000306FC
:109B4400AA00080002000000A00014000300574906
:109B54004E55534200000000000000000000840045
:109B6400040007002A0044006500760069006300D1
:109B7400650049006E0074006500720066006100B3
:109B8400630065004700550049004400730000006D
:109B940050007B0043004400420033004200350083
:109BA400410044002D0032003900330042002D00F2
:109BB40034003600360033002D00410041003300EC
:109BC40036002D00310041004100450034003600CC
:109BD4003400360033003700370036007D000000C3
:109BE4000000000041726D00434D5349532D444120
:109BF4005020763200000000181A0020E89B000074
:109C0400EC9B0000001A0020EC9B0000434835390F
:109C1400785F424C455F4C49425F56312E34000018
:109C24003CA2FFFF64A2FFFF8CA2FFFFA4A2FFFFE0
:109C3400BEA2FFFFB2A7FFFF06A8FFFF8CA7FFFF8E
:109C440006A8FFFF8CA7FFFF4EA8FFFF6EA8FFFF2B
:109C54008CA7FFFF0EAAFFFF2EAAFFFF68A8FFFF35
:109C640092A8FFFFDAA8FFFF64A7FFFF64A7FFFF26
:109C740064A7FFFF98A9FFFF64A7FFFF64A7FFFF86
:109C840064A7FFFF64A7FFFF64A7FFFF64A7FFFFAC
:109C940064A7FFFFC6A9FFFF43483539785F424CEC
:109CA400455F4C49425F56312E342E32000000008D
:109CB400000102020303030304040404040404046F
:109CC4000505050505050505050505050505050540
:109CD4000606060606060606060606060606060620
:109CE4000606060606060606060606060606060610
:109CF40007070707070707070707070707070707F0
:109D040007070707070707070707070707070707DF
:109D140007070707070707070707070707070707CF
:109D240007070707070707070707070707070707BF
:109D3400080808080808080808080808080808089F
:109D4400080808080808080808080808080808088F
:109D5400080808080808080808080808080808087F
:109D6400080808080808080808080808080808086F
:109D7400080808080808080808080808080808085F
:109D8400080808080808080808080808080808084F
:109D9400080808080808080808080808080808083F
:109DA400080808080808080808080808080808082F
:109DB400303030303030303030303030303030309F
:109DC400000000000000000009040000689A000080
:109DD4002100000083000000C41B000003000000F9
:109DE400CA1B000081000000041D000001000000E7
:109DF4007C1C000000C20100000008003C9B000025
:089E0400AA002000000000008C
:00000001FF
